TIMESTAMP,TA_F_MDS,SW_IN_F_MDS,SW_IN_POT,VPD_F_MDS,PPFD_IN,PPFD_DIF,CO2_F_MDS,LE_F_MDS,H_F_MDS,NEE_VUT_REF,NEE_VUT_REF_QC,RECO_NT_VUT_REF,GPP_NT_VUT_REF
20130101,4.464,39.294,133.955,1.017,78.23788774,62.95026613,381.129,2.99811,-15.7278,-0.0226318,1,1.32916,1.35179
20130102,8.484,11.019,134.579,1.043,23.50098081,23.43628021,337.815,4.25161,-44.7291,1.49316,1,1.47876,-0.0143981
20130103,8.858,82.697,135.263,2.466,163.8751236,49.6852726,365.274,15.1757,-2.20056,-1.56803,0.9375,1.49027,3.11675
20130104,7.215,76.225,136.005,1.243,151.7162885,68.40357785,359.167,6.15068,7.2384,-1.5722,0.916667,1.43244,3.03003
20130105,8.704,21.61,136.806,0.824,42.90489869,42.88331971,356.608,0.590209,-2.09747,0.358661,1,1.49238,1.13371
20130106,9.15,24.749,137.665,0.818,48.25643279,48.37404265,339.445,0.706322,-1.39401,0.265162,1,1.51191,1.24674
20130107,7.943,86.704,138.583,0.92,162.360318,71.33058775,337.587,5.42405,9.76906,-1.12225,0.979167,1.4708,2.49534
20130108,6.905,25.901,139.558,0.405,49.87145485,49.8417825,349.276,-0.829617,-3.68659,-0.0646148,1,1.43662,1.50124
20130109,8.865,28.955,140.591,1.17,56.50663465,56.44711542,363.211,4.20429,-5.86407,-0.0983734,1,1.53993,1.63831
20130110,9.437,38.142,141.682,1.137,73.93460685,69.02127377,352.917,3.35386,-3.58403,-0.815246,0.979167,1.6813,2.49654
20130111,9.427,44.299,142.83,1.448,74.38630863,80.81578654,321.138,9.91079,-5.88211,-2.08795,0.979167,1.80631,3.8661
20130112,6.429,30.451,144.034,0.615,59.13855602,54.15865017,322.554,1.85559,-12.7413,-0.496187,1,1.79616,2.29235
20130113,6.911,23.219,145.295,0.482,46.75994633,46.61436413,299.622,0.351179,-33.976,0.275509,1,1.84745,1.57194
20130114,7.124,55.973,146.613,0.756,110.4027825,73.43388935,304.818,5.51275,-7.27658,-1.31394,1,1.62168,2.90184
20130115,4.887,25.666,147.985,0.581,49.94973665,46.93216508,309.357,0.211125,-19.766,-0.652024,1,1.28763,1.96137
20130116,5.095,32.958,149.413,0.774,64.54627933,59.40721556,319.179,6.08678,-35.5049,-0.600459,1,1.07553,1.7086
20130117,2.63,62.097,150.895,2.019,115.8122906,78.88603308,346.482,11.9424,-15.9749,-1.53641,0.9375,0.950539,2.69235
20130118,4.637,95.669,152.432,2.997,175.9237014,62.42739092,359.772,25.0196,-9.19735,-3.37317,0.979167,0.994638,4.43952
20130119,3.747,13.758,154.022,0.797,29.33897073,29.35340352,334.283,2.02826,-47.5235,-0.164454,1,0.957243,1.1217
20130120,10.471,23.7,155.666,0.685,48.87360575,48.76230342,281.918,1.38073,-27.9833,0.786271,0.979167,1.13347,0.347197
20130121,9.811,49.073,157.362,2.432,95.23931473,78.46643081,322.235,19.845,-40.4615,-1.77646,1,1.119,2.89546
20130122,9.446,45.439,159.11,2.77,0.617201432,1.482547979,329.157,19.2564,-40.7694,-2.68754,0.625,1.11133,3.84435
20130123,6.925,52.444,160.909,1.285,52.58832554,41.31356569,332.291,8.99301,-23.7448,-2.4601,0.8125,1.04689,3.34383
20130124,6.938,86.35,162.76,1.988,165.1038992,93.59673844,337.998,16.4541,-5.03697,-2.93228,1,1.04873,3.90838
20130125,7.182,84.104,164.66,3.9,159.7370333,80.7133345,349.572,36.4549,-21.34,-3.35499,1,1.10094,4.43208
20130126,4.668,109.123,166.61,3.126,199.4595742,66.89698094,355.242,26.8648,-3.71601,-2.46186,0.979167,1.23498,3.60113
20130127,4.553,105.973,168.608,2.221,195.4041448,80.79741673,360.698,18.7565,1.45351,-1.82595,1,1.45294,3.19619
20130128,5.507,23.746,170.654,0.659,50.1060925,50.1263421,320.833,1.51798,-30.6213,0.01925,1,1.77743,1.75818
20130129,6.927,107.528,172.747,2.076,206.1784288,76.76504388,349.48,22.4399,-1.69868,-1.9065,1,2.18521,3.83245
20130130,10.894,18.466,174.886,1.355,39.45410604,39.5573471,328.711,2.01561,-17.5542,2.15383,1,2.7724,0.618575
20130131,11.442,101.458,177.072,1.694,195.8413589,103.7967019,329.867,17.6389,13.2987,-2.89587,1,3.18169,6.06181
20130201,12.755,95.121,179.302,1.697,189.1313818,76.24025775,327.602,16.304,2.59926,-1.30746,0.979167,3.6614,4.93789
20130202,10.655,15.908,181.575,1.527,34.05631754,33.93823375,321.435,3.33948,-24.6638,2.32234,1,3.67215,1.3498
20130203,8.2,98.035,183.891,5.207,189.6661554,82.88783479,347.928,63.1678,-23.678,-2.3519,0.9375,3.32955,5.6558
20130204,6.07,114.753,186.25,2.93,226.617244,63.50995931,356.13,24.3296,4.50551,-1.93744,0.979167,3.01108,4.91068
20130205,7.724,44.072,188.649,1.355,87.77938415,74.31075246,338.511,4.87443,-11.0307,0.653236,1,2.94757,2.29433
20130206,10.356,122.857,191.088,4.991,236.796698,64.93553938,336.129,48.5133,-12.2565,-2.10631,0.979167,2.83593,4.94224
20130207,6.582,109.58,193.566,3.564,207.6899598,108.8231835,342.319,39.4046,-10.9815,-2.48409,0.979167,2.29625,4.77889
20130208,5.316,100.56,196.083,4.395,187.8796985,66.82741167,354.698,30.172,-13.2166,-1.56635,1,1.94335,3.50907
20130209,4.02,97.575,198.636,3.76,186.8296663,114.2329362,351.814,28.7033,-10.0047,-2.52667,1,1.68724,4.2051
20130210,2.71,135.915,201.226,2.507,252.4929868,91.23958204,355.304,23.7324,28.5753,-2.40724,0.9375,1.60809,3.98935
20130211,2.986,9.033,203.851,0.776,20.34178419,20.25414856,311.472,5.09369,-24.4472,1.11459,1,1.61498,0.49725
20130212,4.686,58.587,206.509,0.811,114.778076,93.14500913,328.975,0.910346,-19.8783,-1.51715,1,1.68823,3.20067
20130213,4.821,111.819,209.201,1.781,213.8475109,100.6853178,341.07,23.5933,4.9228,-2.4033,1,1.8337,4.23176
20130214,6.319,137.533,211.924,2.842,262.0237553,80.63499119,365.589,28.7775,16.1481,-2.8523,1,2.21227,5.07154
20130215,6.556,102.405,214.678,2.08,197.9871404,114.0459439,378.736,17.9829,8.22917,-1.95966,1,2.53147,4.51262
20130216,6.593,146.902,217.462,3.184,278.9999694,75.25704085,389.596,33.2019,22.2635,-3.8758,1,2.83715,6.72298
20130217,6.217,141.279,220.273,3.175,264.4577452,97.04267498,387.189,30.8656,18.8542,-3.28019,1,3.10459,6.38883
20130218,5.679,143.472,223.113,3.455,265.1804218,100.1780873,384.026,34.8016,25.5921,-3.91183,1,3.06239,6.98694
20130219,5.356,154.974,225.978,3.321,289.0595218,86.53812754,386.337,26.8059,23.0232,-2.63564,1,2.89156,5.6093
20130220,5.37,18.497,228.868,0.705,39.10316025,38.90543329,373.698,-0.0229898,-17.4293,1.44689,1,2.76054,1.32069
20130221,5.408,34.91,231.782,0.292,70.43667944,69.67856504,358.377,0.217244,-18.5079,0.43935,1,2.62348,2.19202
20130222,3.546,49.986,234.719,0.876,98.24118958,93.3737599,362.379,8.11073,-9.94803,-1.03276,1,2.35203,3.39551
20130223,2.063,18,237.678,0.394,38.39750073,38.43001917,356.26,0.0924342,-35.7207,0.967068,1,2.07895,1.12595
20130224,3.573,88.139,240.657,0.708,178.0641057,99.97781519,356.877,8.70032,9.81374,-1.00508,1,1.99919,3.01954
20130225,4.109,92.513,243.655,0.896,191.9990695,115.3639732,358.601,8.53093,-21.3879,-2.0887,1,2.01364,4.14712
20130226,6.391,169.627,246.671,2.793,318.6477533,90.08376996,370.209,42.2458,16.5098,-4.02134,1,2.16265,6.20477
20130227,5.758,116.975,249.705,2.429,222.4496992,160.9896653,383.502,22.0238,2.03273,-2.42484,1,2.14879,4.54748
20130228,6.618,175.305,252.753,2.418,333.5759043,96.71865104,374.46,31.3616,33.4447,-4.09555,1,2.22103,6.32904
20130301,7.016,42.964,255.817,2.47,88.38439892,88.63951725,367.046,9.38786,-20.6925,-0.48142,1,2.26917,2.74966
20130302,10.663,181.179,258.894,5.893,346.548623,84.59734688,354.769,55.371,20.8662,-3.17432,0.979167,2.65847,5.79881
20130303,8.154,182.793,261.984,3.094,350.0745027,101.5259023,362.078,28.7097,35.939,-3.36184,1,2.80269,6.1621
20130304,7.983,176.586,265.083,2.123,343.2450181,113.3846786,365.191,28.6875,30.1651,-3.20301,1,3.08256,6.27973
20130305,8.359,41.461,268.195,1.189,85.50422408,84.78870175,341.593,4.80162,-62.3154,0.0683294,1,3.41969,3.34355
20130306,10.037,21.906,271.313,0.683,49.81276329,49.83965594,320.317,-0.652221,-85.9785,2.56934,1,3.91851,1.29722
20130307,12.386,78.611,274.441,0.381,159.6677451,151.707232,327.865,4.89068,1.28785,-0.642284,1,4.44223,5.06747
20130308,12.558,27.889,277.575,0.367,61.44359483,61.39315631,322.923,0.370249,-24.5317,2.4811,1,4.44035,1.94198
20130309,12.433,75.485,280.715,0.946,153.3779559,133.3709211,319.746,8.16515,-19.9424,-0.511652,1,4.36435,4.85931
20130310,12.543,102.482,283.858,1.802,214.0277885,162.1210959,316.95,19.8084,-9.65893,-1.86588,1,4.31148,6.15812
20130311,9.557,48.917,287.006,0.41,97.55212967,81.09228956,321.746,2.15526,-16.7159,1.44023,1,3.99221,2.52776
20130312,9.099,54.471,290.155,0.882,-9999,-9999,323.538,1.05297,-32.267,0.81898,0.979167,3.92538,3.07783
20130313,8.679,95.986,293.306,0.917,-9999,-9999,353.612,11.3214,-6.32307,-0.577541,0.875,3.86344,4.42309
20130314,7.223,154.126,296.457,1.978,-9999,-9999,373.483,31.2638,17.4025,-1.73725,0.791667,3.70055,5.43781
20130315,6.112,169.33,299.608,3.201,-9999,-9999,408.248,34.4062,23.2104,-2.05278,0.583333,3.57622,5.629
20130316,5.65,217.216,302.756,4.166,-9999,-9999,392.219,47.3271,41.9377,-4.00106,0.541667,3.50575,7.50682
20130317,6.625,39.472,305.902,2.327,-9999,-9999,405.68,-0.117574,-18.7774,1.42805,1,3.5835,2.15545
20130318,10.677,44.053,309.043,1.578,-9999,-9999,398.994,7.26475,-21.5661,1.26299,0.958333,3.92814,2.66515
20130319,11.515,207.297,312.18,4.576,-9999,-9999,403.89,52.1419,23.3062,-4.70771,0.916667,3.97792,8.68563
20130320,8.542,51.114,315.311,1.109,109.443374,106.3479262,399.547,5.54216,-23.3534,0.258853,1,3.71548,3.45662
20130321,11.036,240.257,318.435,3.625,493.3006161,82.4383909,395.417,66.3364,34.6575,-5.31102,0.895833,4.09974,9.41076
20130322,9.577,75.643,321.552,1.462,160.8288334,152.3443136,422.263,14.4977,1.96594,-1.73932,1,4.05435,5.79367
20130323,10.969,124.924,324.659,2.036,261.6681821,164.8382605,417.163,23.4326,10.4971,-2.43623,1,3.76483,6.20106
20130324,12.128,76.387,327.758,2.626,160.8063688,145.7605517,403.995,23.6899,-33.0463,-0.772951,1,3.3647,4.13765
20130325,10.714,127.113,330.845,3.797,262.7517471,203.7895202,411.422,39.4728,5.96271,-2.58545,1,2.78177,5.36722
20130326,6.885,58.877,333.922,0.929,123.4218816,113.075939,404.081,5.98318,-15.3396,-0.394028,1,2.13885,2.53288
20130327,8.416,126.091,336.986,2.408,258.830084,200.4556752,412.758,31.8211,2.64905,-3.94991,1,2.01146,5.96138
20130328,11.1,94.258,340.037,1.883,199.342534,171.0709928,398.199,21.5031,-0.603553,-2.52941,1,2.00246,4.53187
20130329,12.768,39.742,343.074,0.686,87.39654565,85.9380724,363.26,5.84553,-20.5096,0.854996,1,2.19136,1.33636
20130330,12.162,38.377,346.096,0.719,84.69074363,81.80657754,366.447,6.65611,-29.4814,1.55795,1,2.30552,0.747563
20130331,11.273,116.814,349.103,2.651,239.8679834,197.9845722,382.661,27.9125,-1.08816,-2.5274,1,2.40238,4.92978
20130401,12.378,156.834,352.093,4.481,322.5626978,195.4033909,373.614,58.1897,7.38553,-3.64533,1,2.60292,6.24825
20130402,10.604,126.253,355.066,2.007,264.548884,219.2673391,366.258,29.3345,-16.5225,-1.92276,0.979167,2.63561,4.55837
20130403,11.83,255.529,358.022,3.247,530.8252838,144.4466605,378.276,59.979,72.2585,-5.65543,1,2.74433,8.39976
20130404,10.939,61.735,360.958,2.676,127.9353429,119.2363268,372.966,19.4168,-48.1152,-0.773595,1,2.70052,3.47412
20130405,10.901,119.12,363.875,1.436,248.569723,220.0167939,369.773,26.7568,-12.0384,-2.23542,1,2.75642,4.99184
20130406,12.836,215.05,366.772,2.734,450.0183235,209.1172566,400.849,49.4813,31.6546,-6.05484,1,3.15783,9.21267
20130407,12.999,224.339,369.648,4.493,468.0882318,240.2752401,395.78,64.3168,49.2612,-4.71595,1,3.48072,8.19667
20130408,10.828,117.416,372.503,2.976,243.1302401,205.8578939,409.465,27.6279,-3.2215,-2.18481,1,3.62109,5.8059
20130409,13.174,115.934,375.334,3.333,-9999,0.282092934,397.217,28.2906,-6.81496,-2.53371,0.458333,4.12285,6.65656
20130410,13.73,105.929,378.144,3.399,-9999,0.126440676,385.025,24.1121,1.97118,-2.26677,0.479167,4.50078,6.76755
20130411,13.211,112.464,380.929,3.218,64.34390161,48.00038423,378.515,19.8662,12.9382,-2.55961,0.625,4.88251,7.44212
20130412,14.579,153.496,383.691,2.893,329.4273889,139.1273245,371.304,35.4735,36.5122,-1.8928,1,5.44106,7.33386
20130413,14.355,259.015,386.427,3.453,546.4893887,165.2263622,369.545,48.7914,72.0827,-4.6205,1,5.505,10.1255
20130414,13.679,280.939,389.138,3.428,599.2713922,103.0755985,379.046,68.9284,73.918,-4.52833,0.979167,5.43476,9.96309
20130415,14.048,283.093,391.824,2.789,604.9345875,108.1822197,394.531,63.0595,92.0734,-4.75678,0.979167,5.48685,10.2436
20130416,14.394,262.058,394.482,2.757,556.1290857,184.1525182,407.286,64.7396,66.1461,-4.12762,0.9375,5.53701,9.58046
20130417,16.596,259.473,397.112,3.789,411.5720791,110.4925546,399.472,67.2984,38.2111,-3.46927,0.5625,5.78196,9.25416
20130418,15.837,268.927,399.715,2.848,570.1880298,167.4435031,383.608,67.5995,72.9512,-3.79341,1,5.71779,9.48897
20130419,15.506,268.079,402.29,2.353,562.9446339,196.3120737,390.361,62.5232,74.3571,-3.90346,0.916667,5.69252,9.56342
20130420,13.358,128.179,404.835,3.077,273.0608514,165.9303434,396.71,30.2176,18.3408,-0.0352496,0.833333,5.46957,5.44858
20130421,11.886,171.468,407.351,3.092,352.8743521,233.1955021,406.164,31.9652,26.0154,-1.8249,0.75,5.3094,7.00754
20130422,11.49,227.216,409.836,2.375,471.7754902,230.3554969,401.708,46.2474,52.5491,-2.40112,0.666667,5.27455,7.44971
20130423,12.986,240.517,412.291,3.178,507.335558,167.9369499,394.349,59.7895,51.2575,-1.65478,0.854167,5.45952,7.06685
20130424,15.408,289.403,414.715,6.59,619.2198733,145.8137263,397.374,93.3802,54.858,-2.3348,0.770833,5.9179,8.00148
20130425,18.176,150.06,417.108,7.011,319.0914663,291.5934701,396.288,55.5869,8.22128,-1.09835,0.979167,6.52702,7.62537
20130426,18.047,136.662,419.467,6.07,289.2611097,252.4162986,406.08,48.5239,2.87343,-0.499483,1,6.80601,7.3055
20130427,15.089,46.939,421.795,0.854,107.2259069,105.4934354,375.162,2.30408,-15.2264,3.06685,1,6.67531,3.60846
20130428,16.397,158.98,424.089,2.659,340.4942166,249.6342952,380.474,38.4543,9.65956,-0.0493351,1,6.75202,6.80165
20130429,18.89,119.429,426.349,5.353,258.5937569,237.7233005,381.299,51.1925,-30.4029,-0.168885,1,6.92715,7.09603
20130430,20.308,194.636,428.576,8.852,416.3083579,231.2741461,384.859,79.2082,5.17778,0.504823,1,7.22798,6.72316
20130501,19.562,140.92,430.768,7.842,294.0152624,211.8784854,388.648,59.7275,-7.3216,-0.100891,1,7.33902,7.43991
20130502,17.485,122.001,432.925,3.068,274.2268816,216.0374205,386.608,33.2147,11.9667,-0.258193,1,7.27555,7.53488
20130503,16.134,250.903,435.047,2.758,533.6573491,260.4921852,383.24,53.6331,73.2909,-2.7293,1,7.28467,10.0158
20130504,16.292,302.422,437.133,3.2,637.4845538,189.411473,379.204,68.0376,89.5423,-2.52748,0.9375,7.50031,10.0295
20130505,15.897,100.071,439.182,1.349,223.1172128,195.8208334,375.873,17.7919,1.38211,2.33661,1,7.67868,5.35121
20130506,16.116,227.162,441.194,2.816,484.06818,334.57135,380.482,48.9415,45.0796,-2.40256,0.958333,7.94436,10.3479
20130507,17.17,241.056,443.17,3.174,511.4119705,281.1806111,368.448,63.7486,75.9515,-2.00216,1,8.34381,10.3504
20130508,16.687,251.836,445.109,2.738,532.8690957,228.804081,382.422,54.6819,73.1057,-1.96256,1,8.49071,10.4573
20130509,17.457,286.089,447.009,2.381,608.625218,197.0951796,375.64,59.8375,88.0511,-2.39193,1,8.32879,10.7662
20130510,17.873,159.202,448.871,2.908,340.0961777,283.1657581,378.97,41.5445,31.8747,-0.120124,1,7.8901,8.02357
20130511,17.19,259.433,450.694,4.306,543.3652915,273.4013337,368.781,65.4499,67.9533,-2.5681,1,7.29541,9.87021
20130512,17.296,298.668,452.479,3.581,638.514246,195.5038801,361.372,67.686,100.869,-3.16632,1,6.80706,9.97883
20130513,16.416,322.194,454.224,4.129,542.218545,85.49678063,373.13,66.6724,109.358,-3.65065,0.875,6.19755,9.85205
20130514,16.48,325.075,455.93,4.162,693.9325469,130.8948935,377.969,77.8402,117.471,-3.04371,1,5.92165,8.96989
20130515,16.177,136.67,457.595,4.486,291.3870315,240.7497541,378.534,41.7317,1.68782,0.0269874,1,6.12701,6.10163
20130516,15.792,65.453,459.22,0.73,146.8733236,140.9659962,344.902,8.8321,-28.1793,2.32877,1,6.34847,4.02077
20130517,15.602,203.471,460.804,3.272,436.7896311,243.8432994,360.584,57.6994,34.8426,-1.79421,1,6.78898,8.58319
20130518,15.552,157.308,462.347,2.303,333.8957976,182.0056489,357.691,34.6118,7.35773,0.531249,1,7.44831,6.91706
20130519,15.711,297.296,463.848,3.725,629.4226405,216.0775041,360.131,78.5746,67.5241,-3.44193,1,7.87511,11.3171
20130520,16.219,301.6,465.308,5.361,634.5701678,247.7561039,366.876,87.4628,75.5121,-4.13219,1,8.25492,12.3871
20130521,14.665,264.907,466.726,4.185,569.3367805,245.7176394,377.797,69.5096,70.2783,-4.60484,1,8.24854,12.8534
20130522,15.248,322.026,468.102,5.079,676.2243927,158.9685767,378.007,88.0234,91.4517,-4.36191,0.979167,8.43154,12.7934
20130523,16.835,284.491,469.435,5.891,613.0531729,192.1352872,377.543,87.5515,81.5291,-3.3202,1,8.7838,12.104
20130524,15.225,276.889,470.725,6.602,593.0431903,245.2572794,373.497,72.64,60.8501,-3.29304,0.9375,8.61543,11.9085
20130525,12.563,162.256,471.971,4.432,-9999,-9999,377.743,27.617,14.5938,1.74925,0.625,8.24593,6.49668
20130526,13.288,343.445,473.175,3.444,-9999,-9999,378.216,88.3137,102.234,-5.0904,0.958333,8.44662,13.537
20130527,15.842,321.529,474.334,6.287,-9999,-9999,374.074,90.9368,99.9942,-4.80349,0.833333,8.9822,13.7857
20130528,14.914,210.227,475.45,3.402,-9999,-9999,375.605,48.7696,46.3321,-1.22767,0.479167,8.91036,10.1931
20130529,14.973,280.349,476.522,4.23,588.0321743,230.2706909,375.082,53.995,72.0175,-3.14956,0.125,9.00972,12.1794
20130530,14.617,274.317,477.549,4.467,-9999,-9999,376.71,57.9445,72.2168,-2.35039,0.104167,9.03362,11.3933
20130531,15.242,267.425,478.531,3.588,-9999,-9999,378.977,37.6678,59.2848,-2.35821,0.5,9.23075,11.589
20130601,15.751,315.05,479.469,3.502,-9999,-9999,378.529,54.3153,96.9446,-3.01744,0.541667,9.40626,12.446
20130602,16.784,317.947,480.362,2.878,-9999,-9999,377.918,52.8797,94.3132,-3.24978,0.833333,9.6826,13.3979
20130603,16.992,192.23,481.209,2.535,-9999,-9999,373.337,31.0899,36.3446,0.148336,0.916667,9.80868,9.80358
20130604,16.819,314.973,482.011,2.48,548.5650952,108.254043,374.27,50.2471,82.045,-1.97181,0.770833,9.84613,11.8179
20130605,18.271,319.781,482.768,4.602,683.7838638,240.1669842,371.509,71.6199,107.834,-3.60643,1,9.66049,13.3112
20130606,18.201,344.508,483.479,6.325,717.5060523,140.9942356,390.038,105.636,102.493,-2.5247,0.958333,9.59695,12.1217
20130607,18.979,342.64,484.143,5.414,733.1222808,184.0260808,385.791,84.8617,106.031,-3.80558,1,9.81446,13.6344
20130608,18.922,273.061,484.762,3.509,577.1558709,303.3007459,372.805,60.9106,79.2543,-2.97948,1,9.88982,12.8972
20130609,16.539,80.665,485.334,1.685,176.0075114,156.8062585,375.333,6.50643,-6.80568,2.53335,0.979167,9.56126,7.52127
20130610,16.83,245.485,485.86,2.83,538.4713664,251.7587053,365.46,56.517,37.5368,-0.921503,1,9.68216,10.6652
20130611,18.222,284.801,486.34,3.309,624.8545148,233.4229506,378.267,63.5578,97.9846,-2.62722,1,9.71672,12.3921
20130612,19.159,293.391,486.774,2.986,626.548854,263.3806988,373.353,56.2119,92.7185,-3.3124,1,9.60162,12.9376
20130613,20.764,338.737,487.16,4.954,723.8258875,215.8669527,374.267,93.9439,84.7764,-2.5901,1,9.91726,12.5074
20130614,20.847,321.039,487.499,4.894,699.6734017,187.1855054,370.933,83.0545,100.38,-1.95065,1,10.029,12.0741
20130615,20.759,343.181,487.793,3.932,747.8647711,142.220289,378.185,80.6814,145.924,-3.4555,1,10.1105,13.5889
20130616,21.849,340.352,488.039,7.834,744.6155396,139.179727,396.902,105.818,76.3997,-0.0579911,1,10.3774,10.4736
20130617,23.15,334.162,488.239,9.324,729.4183222,156.0943617,403.039,101.252,85.0889,-1.00864,1,10.6832,11.6918
20130618,24.385,331.107,488.391,10.015,721.7941886,167.4808255,401.276,133.682,85.4499,-0.458278,1,10.9961,11.4544
20130619,25.314,340.579,488.496,11.937,736.2899242,136.6507826,400.737,135.561,97.3856,-0.669267,1,11.3625,12.0318
20130620,23.347,335.402,488.555,7.579,718.4637859,174.9826835,388.403,101.751,100.246,-0.976383,0.979167,11.282,12.2584
20130621,22.052,347.556,488.567,7.381,748.6416059,122.3921091,371.556,90.0545,107.617,-1.77311,1,11.3031,13.0762
20130622,21.154,301.606,488.533,5.53,650.6228236,229.555611,373.744,78.6209,97.3321,-2.22031,0.979167,11.2428,13.4631
20130623,21.359,295.616,488.451,6.152,637.1506238,204.7114015,365.164,74.7271,90.1665,-1.66893,1,10.7923,12.4613
20130624,20.177,260.175,488.323,7.612,554.6867504,278.6711737,370.032,68.549,61.5663,-2.15654,1,9.94301,12.0996
20130625,18.724,346.306,488.147,4.079,737.1350944,165.5317451,367.22,74.7641,134.985,-3.9976,1,9.00678,13.0044
20130626,19.612,330.785,487.926,6.923,704.8501518,239.1058744,377.616,94.2457,105.999,-3.14365,0.979167,8.45489,11.5985
20130627,19.534,319.299,487.658,9.007,662.4042479,272.3921715,378.52,94.1585,79.3206,-2.32559,1,7.76142,10.087
20130628,18.802,343.459,487.343,7.977,725.5572406,197.8086701,379.001,91.2739,103.266,-4.15255,1,6.99001,11.1426
20130629,18.497,292.331,486.982,6.851,615.2326238,265.9123638,374.027,79.6353,89.523,-2.67236,1,6.27212,8.94448
20130630,19.43,347.837,486.574,6.577,746.8512052,133.6856541,374.644,103.614,109.964,-3.80633,1,5.86804,9.67436
20130701,20.439,345.628,486.122,8.084,740.8791834,145.4149611,380.877,107.572,123.773,-3.493,1,5.64299,9.13598
20130702,21.252,340.774,485.623,10.576,729.342689,160.3380168,382.851,118.645,114.146,-3.23814,0.916667,5.44202,8.68016
20130703,20.356,243.447,485.077,5.127,510.7483244,275.2263189,377.459,52.6703,88.6372,-4.30469,0.979167,5.74338,10.0481
20130704,21.841,302.644,484.487,5.592,647.7292352,236.923188,374.209,83.5927,90.813,-3.82589,0.958333,6.45394,10.2798
20130705,23.298,327.556,483.852,8.085,702.0661021,188.6415971,380.085,110.006,88.6186,-2.9797,0.916667,7.18169,10.094
20130706,24.37,310.101,483.171,10.179,665.7675922,241.8766978,387.754,103.608,85.9501,-3.34993,0.958333,7.89213,11.2421
20130707,25.484,321.266,482.445,12.958,691.0009583,242.3844971,379.886,111.064,89.2466,-3.03759,0.9375,8.62338,11.661
20130708,25.77,279.038,481.674,13.866,599.4574534,248.0852342,371.698,113.936,62.783,-1.95921,1,9.264,11.2232
20130709,24.615,332.336,480.86,9.168,708.8038317,236.5921363,369.113,89.0155,105.811,-3.40419,0.958333,9.64014,13.0443
20130710,23.988,322.39,480,4.485,681.932012,273.7191055,365.027,70.5549,106.213,-3.41924,1,10.0071,13.2824
20130711,24.218,311.213,479.096,5.397,662.6570366,289.2360108,355.778,78.6838,125.678,-4.03616,1,10.4799,14.5161
20130712,23.392,321.6,478.149,5.468,685.3510596,220.5488305,361.006,88.4861,105.454,-2.79649,0.979167,10.0509,12.7683
20130713,23.63,286.835,477.158,5.618,607.0041382,330.5681804,360.575,64.1174,89.2451,-1.77546,0.958333,9.41135,10.9076
20130714,23.843,309.533,476.124,5.924,650.4451949,288.48343,367.627,77.7096,99.6835,-2.56199,0.958333,8.76336,11.2451
20130715,23.957,320.127,475.047,5.417,675.7013671,229.3402588,368.158,72.1837,83.5381,-3.55481,0.958333,8.09541,11.5728
20130716,24.04,318.247,473.927,4.383,671.0328424,256.9922857,359.321,62.7662,97.5151,-3.1747,0.958333,7.36247,10.4458
20130717,24.675,294.818,472.764,5.412,624.6237277,303.2615111,357.604,69.547,88.618,-2.55977,0.958333,6.63468,8.91587
20130718,24.338,209.803,471.56,7.241,446.8766844,331.9002287,369.201,68.1402,44.1624,-0.879333,0.979167,5.81238,6.63945
20130719,23.185,282.733,470.314,6.368,609.1176952,310.8433141,370.667,70.2205,83.4685,-2.89496,1,5.07242,7.82822
20130720,22.968,292.005,469.026,6.18,614.3655012,283.8771498,370.207,58.1405,78.2043,-3.38996,0.979167,4.68085,7.81525
20130721,23.836,282.031,467.698,8.147,596.9255679,251.7243148,377.38,74.8296,66.1824,-3.793,1,4.36459,7.90015
20130722,24.96,317.473,466.328,8.592,678.0314458,188.1603656,374.243,89.142,92.2933,-3.54947,1,4.59598,8.02155
20130723,24.789,313.527,464.918,4.64,663.7084063,234.6990014,357.159,67.7682,111.877,-3.14702,1,5.24193,8.36347
20130724,24.971,303.31,463.468,4.986,650.7989374,225.9132016,351.672,70.0046,112.577,-1.48435,1,5.91397,7.39832
20130725,24.79,260.092,461.978,5.29,561.6921342,291.190345,365.777,62.8808,79.2199,-3.03463,1,6.55511,9.41916
20130726,24.969,311.506,460.449,4.715,670.0189336,198.7972965,365.239,67.1481,115.889,-2.26313,1,7.23063,9.46931
20130727,25.648,311.213,458.881,7.434,672.9600373,171.9476348,372.665,108.495,85.1693,-0.859942,1,7.96284,8.79833
20130728,26.33,307.427,457.274,11.513,659.2259259,179.1095143,382.455,102.394,83.312,-1.35283,0.9375,8.70541,10.0582
20130729,24.591,166.499,455.628,6.694,373.4637491,199.3213504,377.95,37.0748,15.7392,0.552876,0.979167,8.9354,8.21666
20130730,24.311,320.59,453.945,6.64,690.6514696,115.8874333,368.84,79.8069,101.042,-1.49989,1,8.55598,10.0092
20130731,24.747,317.084,452.224,10.65,686.494364,107.0445333,375.669,119.891,75.4828,-0.834576,0.979167,8.32845,9.03626
20130801,26.117,315.029,450.466,14.817,681.997003,111.9023211,374.022,125.134,84.5813,-1.97468,1,8.25316,10.2278
20130802,25.704,315.663,448.672,11.863,680.2702308,106.7192653,378.5,103.055,89.1547,-1.84701,1,7.97043,9.81744
20130803,24.979,302.654,446.841,6.752,645.5935554,174.1296887,363.876,81.0301,90.716,-1.44993,1,7.6534,9.10333
20130804,24.928,287.61,444.974,6.257,618.6123836,187.4626542,363.548,112.209,102.96,-2.36668,0.979167,7.42384,9.76692
20130805,24.68,297.439,443.072,4.049,637.1418062,179.7855808,360.017,53.6948,98.3159,-2.13953,0.895833,7.32712,9.44322
20130806,24.92,266.394,441.134,4.651,568.2437881,252.6686279,354.554,60.7632,80.5336,-2.06355,0.875,7.32592,9.36357
20130807,25.583,247.826,439.162,13.757,528.6137833,220.5308669,386.185,80.5787,46.8726,-0.515076,0.833333,7.35765,7.83952
20130808,25.937,175.456,437.155,13.618,375.3656376,288.285455,380.749,80.2067,13.1658,-1.63691,1,7.33669,8.9736
20130809,24.6,276.192,435.115,10.179,598.6871889,166.4801082,360.652,80.8297,79.8777,-3.27064,1,6.62431,9.89495
20130810,25.025,293.5,433.041,8.994,633.2682281,155.1354942,366.007,73.8304,88.9802,-2.97649,0.979167,5.91757,8.89406
20130811,24.644,295.557,430.935,10.225,640.3686181,132.1709711,374.907,83.0226,87.7424,-3.2029,1,5.14263,8.34553
20130812,24.293,292.788,428.795,7.119,633.8442249,135.1392797,369.492,70.846,98.7894,-2.19492,1,4.35162,6.54653
20130813,24.118,284.759,426.624,6.251,618.963795,152.354222,357.478,71.0593,102.05,-2.08911,0.979167,3.51142,5.60053
20130814,24.081,238.621,424.421,8.603,518.8081609,257.6380466,368.616,67.2488,66.6986,-3.75812,0.958333,2.67553,6.4391
20130815,23.885,286.529,422.187,11.62,618.2937581,156.4411878,365.46,92.4997,89.6174,-3.29287,0.979167,2.61314,5.906
20130816,23.803,289.787,419.922,11.032,625.0068459,124.4087672,365.161,88.2868,86.4526,-2.71733,0.958333,3.3403,6.07529
20130817,23.423,287.84,417.628,7.633,623.0865855,121.4905634,364.164,67.8731,94.1963,-2.30886,1,4.04826,6.51448
20130818,23.514,277.238,415.303,5.552,599.0117841,158.4293571,360.625,56.8544,115.872,-4.31575,1,4.7822,9.15161
20130819,23.62,258.861,412.948,5.667,558.7098329,176.9805723,358.982,55.2998,95.0567,-3.88131,1,5.51842,9.41436
20130820,23.451,270.511,410.565,11.175,592.6667541,113.5062471,357.204,115.285,55.2243,-2.78732,0.9375,6.22983,9.0294
20130821,23.064,270.263,408.155,11.777,583.2174875,169.8431389,365.719,97.173,67.6977,-1.9741,0.9375,6.63641,8.62798
20130822,22.732,277.166,405.715,9.508,600.7491594,145.3510977,364.223,72.8877,78.5703,-2.89844,0.958333,6.24266,9.17326
20130823,22.998,260.174,403.249,6.154,561.823209,213.4098447,364.586,52.6585,79.7294,-3.86392,1,5.85824,9.85593
20130824,22.882,247.269,400.757,5.339,542.1029545,186.9028657,358.708,50.4954,96.1055,-3.74696,1,5.40089,9.17112
20130825,21.667,244.67,398.236,6.103,531.8516341,159.3980122,347.587,55.7797,57.6255,-2.40188,0.979167,4.73631,7.17098
20130826,22.847,215.737,395.692,8.402,465.4526357,207.7147255,351.74,59.0392,62.6313,-2.70144,1,4.29972,7.01641
20130827,21.352,252.886,393.121,6.26,553.2611794,156.2407208,364.15,63.5747,92.1735,-3.43642,0.979167,4.19076,7.73988
20130828,21.539,256.729,390.526,5.947,564.7729273,131.43769,358.115,54.3885,104.565,-3.75179,1,4.32535,8.1671
20130829,21.668,262.591,387.907,5.834,577.1286399,128.7193873,365.541,55.147,79.8321,-3.31412,1,4.45507,7.94129
20130830,22.684,258.727,385.264,9.358,567.8215383,130.8197184,373.797,80.7051,72.9829,-2.50027,0.958333,4.64873,7.30062
20130831,21.959,262.334,382.599,9.104,567.762478,122.103196,372.918,58.5749,69.7427,-2.46373,0.958333,4.72024,7.28381
20130901,22.284,256.997,379.91,10.684,558.0026343,131.9723706,371.431,70.3963,72.9978,-1.60229,0.958333,4.85928,6.6094
20130902,22.168,241.928,377.2,8.876,525.8297686,178.649991,371.281,62.8319,77.825,-2.51019,0.958333,4.63248,7.37518
20130903,22.765,256.131,374.468,9.395,563.9025948,98.8461224,369.223,70.7249,76.7633,-1.47854,0.958333,4.27387,5.87377
20130904,22.525,252.094,371.715,7.089,554.9463887,100.3176261,369.773,66.5397,67.2528,-2.38886,0.9375,3.85637,6.59494
20130905,22.338,252.275,368.944,7.039,553.8750823,97.79396083,374.365,64.1962,90.5874,-2.32741,0.9375,3.86817,6.37838
20130906,22.196,246.027,366.151,7.199,539.7497117,113.4852477,372.65,66.6755,71.7449,-1.77914,0.9375,4.18919,6.17569
20130907,22.689,234.346,363.341,4.278,515.5284758,144.9980452,357.686,36.361,85.6354,-2.83059,0.9375,4.55297,7.51723
20130908,22.636,110.035,360.511,3.51,243.467813,209.2192397,363.402,15.3505,18.6967,-1.08412,0.854167,4.88139,6.03124
20130909,23.658,213.755,357.664,8.826,464.4697603,158.3530436,353.185,55.4967,64.4821,-1.53683,1,5.29278,6.82961
20130910,22.748,97.624,354.8,7.878,215.5904812,184.1548417,349.725,25.4035,1.55176,0.0154091,1,5.55371,5.5383
20130911,21.774,230.301,351.92,9.078,487.6202565,150.2971345,355.96,44.6109,72.2842,-1.64248,1,5.79581,7.44367
20130912,19.414,235.715,349.024,6.845,511.4282379,102.9313093,358.608,43.603,77.5903,-1.97907,1,5.63058,7.80468
20130913,19.66,237.806,346.113,5.663,521.1741543,101.8556736,362.536,39.2639,81.8334,-1.91308,0.958333,5.42817,7.4656
20130914,19.063,231.128,343.188,5.4,510.8033043,127.554632,362.187,39.6659,92.9539,-2.11647,0.979167,5.20601,7.53402
20130915,18.704,56.963,340.249,3.37,127.0901759,113.8454931,358.403,4.8078,-14.0852,0.381683,1,5.02809,4.85069
20130916,18.959,163.187,337.298,3.972,355.7224608,180.4019137,348.316,26.6216,27.0946,-1.18965,0.979167,4.89468,6.45729
20130917,20.549,170.709,334.333,7.009,370.453363,176.1994051,350.7,30.069,39.2495,-1.75608,1,4.92425,6.68033
20130918,18.49,119.629,331.358,5.007,255.8748153,170.492186,360.241,21.1067,17.8937,-1.23712,1,5.11569,6.56393
20130919,19.742,203.841,328.372,4.624,452.2830127,108.8341558,347.451,47.1679,45.0826,-2.69887,1,5.70337,8.4954
20130920,19.177,217.83,325.376,4.462,481.4891021,98.9551095,363.522,37.9043,59.8695,-2.64463,1,6.04362,9.0195
20130921,19.004,205.568,322.37,3.153,444.909492,122.6008238,363.119,27.9525,55.3325,-3.05486,1,6.21915,9.56105
20130922,19.886,214.427,319.357,6.601,471.529277,93.20953883,369.867,48.5152,51.3787,-2.19914,1,6.49282,9.03875
20130923,19.073,214.169,316.336,6.386,469.2159758,95.24537608,369.705,41.4613,54.4458,-1.24368,1,6.58299,8.0402
20130924,18.335,205.137,313.308,2.814,446.1885706,123.2976834,354.658,25.2856,74.9667,-3.28303,0.979167,6.68086,10.0148
20130925,18.612,194.261,310.274,3.053,428.448234,108.7134328,352.546,21.6286,60.124,-2.17799,1,6.89072,9.11393
20130926,19.717,191.576,307.235,3.632,422.3928599,170.9772316,359.84,24.0589,74.395,-3.20629,1,7.09664,10.4833
20130927,19.673,92.876,304.191,3.19,203.7208596,143.2436025,363.011,15.1055,17.7432,0.908014,1,6.57316,5.71708
20130928,20.666,167.783,301.146,3.647,366.5945804,185.8218918,360.069,23.6829,56.1235,-3.30123,1,6.06548,9.41114
20130929,17.635,31.943,298.096,0.734,72.70883446,65.6888346,340.285,0.512709,-19.2048,5.17219,1,5.18453,0.00668355
20130930,18.1,146.335,295.045,2.424,334.9488701,134.7802348,361.814,19.2853,16.5123,-0.891051,1,4.63089,5.51807
20131001,18.454,162.237,291.993,4.955,355.2108458,181.0215688,368.647,33.5681,20.0449,-1.46902,1,4.14293,5.61154
20131002,19.081,183.301,288.942,4.93,407.2547067,133.1612317,380.542,37.2381,33.1318,-3.1041,1,3.84283,6.9468
20131003,18.187,187.566,285.891,8.867,411.7075605,115.2099074,366.015,43.942,18.9467,-1.06214,1,3.70711,4.76958
20131004,18.289,101.2,282.844,7.258,220.1372537,157.4879397,369.746,34.3967,0.788221,-0.854531,1,3.78397,4.6337
20131005,16.84,20.277,279.797,0.993,47.23128652,46.8399035,351.808,-0.0757264,-20.0262,4.26928,1,3.75372,-0.645419
20131006,17.616,142.647,276.757,2.566,319.7688126,140.468738,363.142,22.5017,19.7042,-1.20555,1,3.84859,4.99889
20131007,17.58,121.241,273.719,2.964,271.4339145,172.407433,365.561,23.0309,10.7654,-1.42238,1,3.83839,5.2108
20131008,16.978,152.599,270.689,2.954,338.7537423,128.05033,367.114,23.6738,22.1992,-2.48648,1,3.78872,6.25685
20131009,17.319,123.872,267.664,3.09,277.0708461,188.4390962,368.7,18.317,17.3961,-1.78255,0.979167,3.80468,5.53021
20131010,17.604,73.562,264.649,3.993,158.7672169,139.4992352,349.395,11.9145,-9.66466,0.138023,1,3.81654,3.64642
20131011,16.219,160.151,261.641,6.972,341.7410042,102.5530664,364.717,41.2478,17.1648,-2.32301,0.979167,3.71337,6.03207
20131012,14.334,137.227,258.644,3.727,303.5503239,109.3014702,362.525,22.7086,15.8569,-1.99712,1,3.62726,5.62102
20131013,13.871,97.255,255.657,3.439,214.1216771,155.420537,370.236,12.9577,-3.21767,-0.530066,1,3.71711,4.24718
20131014,14.575,47.647,252.682,0.844,107.8659872,85.4915904,360.856,1.28752,-7.08124,2.29691,1,3.9022,1.60529
20131015,16.798,80.214,249.721,2.055,175.6191064,144.0418294,357.894,5.07773,0.958818,1.44018,1,4.23863,2.79844
20131016,17.947,159.336,246.773,2.693,350.965365,90.40587494,349.403,19.8973,15.6282,-0.14924,1,4.64798,4.79722
20131017,16.476,145.148,243.84,2.826,325.8427893,110.1709219,356.025,17.3248,16.0748,-0.870804,1,4.85593,5.72674
20131018,16.149,132.032,240.923,2.749,292.3468739,132.5347795,372.996,14.1003,18.5446,-0.0405434,1,5.15618,5.19672
20131019,17.595,95.902,238.024,2.471,208.8728706,159.2851105,385.293,11.1809,3.8212,1.68547,1,5.63222,3.94676
20131020,18.18,32.861,235.142,2.047,72.58894365,71.15396258,373.806,2.16588,-26.1394,4.29782,1,6.03311,1.7353
20131021,18.395,36.537,232.281,0.708,80.688911,75.7246601,348.022,0.492725,-32.4375,4.79918,1,6.10415,1.30497
20131022,19.988,75.983,229.439,3.479,165.7362359,132.68137,376.103,12.4013,-21.3871,2.28205,1,6.09221,3.81016
20131023,20.625,31.878,226.619,4.433,70.11867325,67.81552065,394.417,7.44456,-35.7082,3.37224,1,5.95929,2.58705
20131024,19.537,113.977,223.821,2.01,249.1381665,129.3726764,391.866,23.1591,-5.83264,1.13645,1,5.63909,4.49867
20131025,19.648,110.957,221.047,2.753,245.4501309,142.7924063,409.019,27.6427,10.1674,0.842529,1,5.4361,4.58665
20131026,18.92,81.267,218.298,2.25,177.3121372,149.4663006,418.932,17.3983,4.81193,1.77312,1,5.16754,3.38689
20131027,18.711,54.351,215.573,1.244,118.0336182,104.9341003,412.044,3.25964,-4.08657,2.46313,1,5.01422,2.54633
20131028,19.348,118.441,212.877,1.835,258.6693667,124.2449034,392.226,16.0745,12.3282,-0.109317,1,4.94511,5.04162
20131029,19.694,87.305,210.207,2.524,192.0977301,130.2119301,389.883,11.7813,-5.70011,0.916018,1,4.84937,3.92421
20131030,18.535,85.661,207.567,2.839,186.2995762,148.7736604,397.113,19.681,-6.00177,0.903604,1,4.63171,3.63453
20131031,17.915,125.174,204.957,5.79,272.0396788,100.3396988,396.897,43.9435,-8.1028,-0.476241,1,4.50113,4.9439
20131101,16.204,120.796,202.376,4.302,260.9162435,102.3993543,399.938,30.602,4.30788,-0.470559,0.958333,4.41714,4.87003
20131102,16.792,49.543,199.829,1.951,106.8065105,100.2568633,396.998,2.56418,-17.2636,2.3458,0.958333,4.53431,2.16695
20131103,18.817,106.464,197.314,4.338,235.1037526,93.487008,388.011,19.0523,2.50038,-0.335376,0.8125,4.76825,5.08931
20131104,15.997,40.272,194.833,4.88,86.40013838,72.92796715,368.164,4.17121,-15.9168,2.50489,0.958333,4.61567,2.0859
20131105,14.777,102.222,192.388,3.478,229.995182,71.89234377,371.813,16.39,-3.10501,-0.0112189,1,4.65269,4.64806
20131106,15.018,119.46,189.978,2.472,268.834345,63.25077735,386.156,20.8934,5.28221,0.39953,1,4.81375,4.39132
20131107,15.917,74.471,187.605,2.225,167.3330429,84.61615604,389.173,12.2612,-0.339089,1.5109,1,5.04656,3.53653
20131108,17.064,84.711,185.27,2.039,185.4918171,99.25666248,383.433,12.6778,-2.33766,0.97862,1,5.29237,4.31616
20131109,18.293,71.87,182.974,4.463,152.9162151,110.5904871,376.136,18.3133,-23.0842,0.784248,1,5.38988,4.60563
20131110,15.759,32.698,180.717,4.682,71.03983621,65.62950946,378.716,9.83079,-33.4702,3.4044,1,5.07935,1.69195
20131111,14.695,71.661,178.501,9.774,153.2318292,91.26742696,390.851,59.4332,-80.4012,1.93272,0.9375,4.9074,2.98638
20131112,14.973,90.871,176.327,6.895,201.9664758,87.05108758,389.847,34.8408,-23.5164,-0.215735,1,4.82881,5.09123
20131113,15.15,101.063,174.195,4.767,226.2997407,69.17334317,394.554,26.2493,-1.92709,-0.253416,0.979167,4.72825,5.04974
20131114,13.764,25.492,172.107,2.492,56.1038954,55.17081367,392.632,2.73118,-13.5111,4.02246,1,4.49647,0.529081
20131115,12.827,69.558,170.062,2.76,145.3979354,122.0671247,382.603,13.3476,-16.5933,0.994255,0.9375,4.30189,3.37623
20131116,14.701,106.459,168.062,6.029,228.6592166,78.70925294,395.593,37.5446,-33.9006,-0.780252,1,4.35287,5.33636
20131117,12.293,55.505,166.108,2.885,117.9209163,105.5449139,388.278,7.8363,-19.9051,0.329468,0.979167,4.03215,3.74272
20131118,14.444,44.027,164.2,4.198,91.56470654,85.31471235,383.081,13.7672,-52.9011,2.35461,0.979167,4.05908,1.73095
20131119,13.236,79.717,162.34,2.66,173.5010745,88.9444516,373.203,8.47564,-26.5341,0.946172,0.979167,3.7973,2.87103
20131120,11.519,79.657,160.528,3.57,166.1116657,65.69460371,384.185,11.1822,-10.2308,0.763033,0.958333,3.48149,2.78033
20131121,8.871,20.093,158.764,2.108,41.57435492,34.36357906,368.536,-0.538782,-26.1695,2.56236,1,3.10959,0.59483
20131122,7.004,37.546,157.049,0.759,76.39278233,66.57893044,361.483,2.09259,-35.708,0.518308,1,2.80456,2.2887
20131123,7.506,40.029,155.385,0.669,82.44744523,79.01864606,372.139,2.08524,-17.4306,0.923616,1,2.67671,1.7531
20131124,9.115,97.555,153.77,2.757,208.8554201,59.87437731,391.861,15.5012,-12.5159,-1.41883,1,2.60878,4.03945
20131125,7.134,69.148,152.208,3.912,143.510759,67.1646261,400.236,28.1999,-46.6454,-0.815519,1,2.40514,3.23197
20131126,5.414,101.868,150.696,6.197,208.6655602,47.75670025,396.009,39.0392,-32.1071,-1.67531,1,2.34706,4.02237
20131127,5.146,53.249,149.238,5.378,104.1247239,82.73879594,396.081,22.7038,-30.688,-0.539827,0.979167,2.38279,3.14264
20131128,6.158,101.104,147.831,4.65,198.6711735,52.77124675,402.931,30.3754,-12.8246,-0.858519,1,2.49799,3.38406
20131129,4.629,101.973,146.479,2.921,202.9042298,48.03451067,424.756,16.1726,-1.25802,-1.10956,1,2.43362,3.52012
20131130,6.508,63.695,145.181,3.164,124.8127,101.8760783,422.643,12.4492,-42.3573,-0.933459,1,2.53073,3.48024
20131201,9.785,79.823,143.937,6.117,160.7785022,66.7397204,420.01,35.2386,-44.5221,-1.35009,1,2.69464,4.03578
20131202,11.449,30.837,142.747,6.659,64.76452975,62.19165533,362.904,24.449,-46.6447,0.920969,1,2.74848,1.82751
20131203,8.789,82.237,141.613,5.77,160.305394,48.1183655,373.819,23.8084,-20.1923,-1.04648,1,2.7176,3.79697
20131204,6.458,98.131,140.535,4.197,192.0390366,48.00972388,391.614,17.0384,-2.64174,-1.04053,0.979167,2.7904,3.84044
20131205,5.955,81.644,139.513,2.28,160.9527851,66.20453733,400.72,7.98597,-5.44415,-0.410716,1,2.98573,3.43878
20131206,8.244,26.512,138.546,1.512,54.61917913,52.8545464,400.521,2.58559,-8.35421,0.69463,1,3.40991,2.49396
20131207,7.53,73.417,137.638,0.947,144.5255477,81.4491486,400.61,3.80433,-7.76045,-0.75546,1,3.549,4.35105
20131208,7.133,85.921,136.785,1.571,173.4877598,61.31133758,386.705,9.9025,-11.2158,0.438407,1,3.68988,3.28674
20131209,5.899,56.391,135.991,0.758,111.4408324,90.41470127,402.132,2.78408,-8.29027,0.20653,0.979167,3.74712,3.64185
20131210,7.39,84.028,135.253,1.238,172.3286883,60.49550402,397.572,4.44255,0.0715015,-0.810758,0.895833,3.93689,4.74853
20131211,7.157,84.855,134.574,1.913,176.4507019,53.38048577,399.134,8.20695,-3.84711,-0.518469,0.875,3.69179,4.23515
20131212,7.249,85.115,133.953,1.347,167.5066809,64.92994335,410.501,6.35495,-4.21787,0.972559,0.9375,3.48316,2.55032
20131213,5.56,71.959,133.39,1.018,138.9932138,85.62484613,433.649,2.19005,-5.05197,-0.268018,1,3.12095,3.36448
20131214,6.515,77.127,132.886,0.949,151.3532027,77.20735992,419.916,2.96337,-3.53947,0.228839,1,2.98282,2.72501
20131215,8.931,82.225,132.44,1.897,163.4970575,63.78000579,416.905,8.04162,-3.81708,-0.829028,1,3.03345,3.85423
20131216,6.73,90.142,132.054,2.214,178.9242914,46.19791004,428.884,11.2888,-4.01933,-0.600327,1,2.91419,3.50594
20131217,5.85,92.423,131.727,2.373,178.8087674,46.20085217,439.858,10.6961,-3.32302,-0.716332,1,2.89727,3.6136
20131218,4.422,74.629,131.459,1.881,142.0756831,77.61562138,440.708,4.21323,-13.4609,-0.00944747,1,2.83703,2.84648
20131219,7.339,65.725,131.25,2.062,130.7264091,92.98047556,421.922,3.15307,-22.0517,-0.663387,1,3.06229,3.72568
20131220,12.092,39.83,131.1,3.255,80.95244706,69.09689006,402.178,3.389,-27.8021,0.678899,1,3.30517,2.62627
20131221,12.379,50.345,131.01,2.023,101.6367634,89.56534944,408.144,4.88318,-3.84141,0.303248,1,3.19853,2.89528
20131222,9.69,11.496,130.98,0.913,23.96087671,23.87674669,415.357,-0.950013,-14.9795,2.85361,1,2.83535,-0.0180185
20131223,10.196,49.225,131.009,1.133,99.58128825,90.60297871,408.823,1.475,-8.91216,0.306673,1,2.53387,2.23055
20131224,9.431,51.167,131.098,1.501,103.6844007,75.0542224,404.673,1.74815,-10.8257,0.251625,1,2.14411,1.8926
20131225,13.958,12.35,131.247,2.13,26.76764446,26.54354677,386.454,0.0722529,-52.5346,1.75207,1,1.99355,0.241474
20131226,11.186,19.972,131.455,1.889,40.6133356,39.3973579,381.023,0.554288,-52.7376,1.69193,1,1.4186,-0.273326
20131227,8.311,85.921,131.723,1.614,176.347382,46.30247831,398.163,5.61609,3.05479,-0.909306,1,0.831922,1.74121
20131228,8.864,77.339,132.05,1.666,157.9060083,70.77870802,406.765,5.36354,-5.44682,-0.627791,1,0.353675,0.981466
20131229,11.524,33.766,132.437,1.738,68.52393527,67.49549281,386.186,1.89274,-38.5503,0.533485,1,0.0794913,-0.453994
20131230,8.412,84.777,132.884,2.184,172.2585354,48.5465605,399.207,6.50968,-8.40476,-1.09673,0.979167,0.0718264,1.16856
20131231,6.372,70.771,133.39,2.141,144.1101886,55.20024138,409.586,6.23694,-10.2525,0.073545,0.958333,0.0681909,-0.00535394
20140101,5.67,88.568,133.955,1.61,173.4678334,81.56520913,414.468,6.54993,-0.92466,-0.743493,0.979167,2.69615,3.43964
20140102,8.025,13.7,134.579,0.625,29.22967063,29.0519349,389.342,-1.69949,-21.196,2.3284,1,2.95935,0.630948
20140103,11.053,31.465,135.263,0.02,66.23204329,64.4191379,372.465,-1.51134,-10.346,2.17344,1,3.30569,1.13225
20140104,13.342,17.126,136.005,0.449,37.16813956,36.68638427,359.226,-0.963242,-33.8062,2.16686,1,3.71133,1.54511
20140105,11.772,29.996,136.806,1.274,61.56538029,57.24243933,365.558,0.603816,-50.4143,3.22293,1,3.72536,0.505623
20140106,8.982,91.688,137.665,1.513,189.1713812,46.32064142,389.635,7.59305,-1.36367,-0.621926,0.958333,3.56742,4.1945
20140107,8.616,74.559,138.583,0.855,153.7912614,83.2264879,399.733,3.6381,-0.348523,0.238508,0.958333,3.702,3.46698
20140108,8.552,65.674,139.558,0.571,135.5943993,89.6974435,393.687,2.08998,-4.94144,0.628257,0.958333,3.81892,3.19486
20140109,10.46,65.887,140.591,1.093,131.6182956,90.35294927,405.7,3.22813,-5.02266,0.0375706,1,4.03926,4.00656
20140110,11.248,12.423,141.682,0.904,26.7735885,26.36341879,397.083,-0.00527909,-12.5135,2.48635,1,4.08246,1.604
20140111,11.794,61.785,142.83,1.764,126.4684952,101.0598824,399.719,4.14011,-3.62817,0.119896,1,4.08818,4.00136
20140112,11.727,75.091,144.034,1.428,156.0505784,85.08790902,398.867,5.75096,4.3094,-0.435814,0.979167,3.99897,4.44069
20140113,8.638,30.866,145.295,0.273,63.12767925,61.95743377,391.685,-0.777552,-8.56518,2.20327,1,3.35497,1.15313
20140114,11.599,35.617,146.613,1.965,70.25657858,64.13362194,367.129,-0.122602,-30.3267,0.834134,1,3.41652,2.58509
20140115,10.212,75.387,147.985,2.06,153.4885775,72.70692123,381.996,2.79083,-4.45366,0.297392,1,2.96454,2.67003
20140116,8.153,32.561,149.413,0.697,68.28309798,66.85171308,387.809,-0.744417,-19.3347,0.90739,1,2.47288,1.56549
20140117,11.953,9.648,150.895,0.58,21.54981352,21.54245946,342.999,-1.63609,-37.9666,2.78051,1,2.67523,-0.103761
20140118,11.717,20.247,152.432,0.197,44.46078488,43.47566715,316.913,-3.01878,-20.7448,1.77079,1,2.55651,0.787692
20140119,12.024,26.08,154.022,0.429,55.046381,51.7818734,350.878,-1.27363,-23.4392,1.5448,1,2.48529,0.943346
20140120,11.195,69.288,155.666,1.117,143.8206246,107.7843819,366.807,1.68238,-6.97217,-0.832967,1,2.42156,3.25816
20140121,10.555,79.166,157.362,1.489,164.9256056,103.0042792,413.238,9.88595,-4.37115,-0.806023,1,2.43811,3.24906
20140122,11.142,54.387,159.11,2.931,110.0942599,75.67584658,399.507,7.01721,-19.6273,0.14239,1,2.55538,2.4169
20140123,7.539,50.949,160.909,0.825,106.5089473,95.31098681,407.614,3.03047,-17.297,0.155256,1,2.30406,2.21157
20140124,7.177,54.333,162.76,0.842,110.4303464,96.502236,400.511,0.970201,-18.6793,0.0331813,1,2.33097,2.29987
20140125,7.811,119.591,164.66,4.02,237.7405101,56.01612144,413.455,23.7235,-17.5242,-1.47768,1,2.42713,3.90481
20140126,6.469,117.057,166.61,2.957,232.9117854,55.75925456,418.837,17.2265,-9.10963,-1.51899,1,2.19981,3.7188
20140127,5.503,36.15,168.608,0.868,74.38161367,61.42340431,401.349,0.994971,-37.1697,0.716828,1,2.00023,1.2834
20140128,4.689,118.629,170.654,1.39,236.1404427,67.38206725,411.439,13.1132,-3.11169,-1.81574,1,1.83362,3.64937
20140129,4.749,67.177,172.747,1.563,135.7093006,83.10940402,405.009,6.47178,-49.8133,-0.776463,1,1.80692,2.58338
20140130,9.026,15.126,174.886,0.266,33.38883767,33.01570694,381.247,-2.16738,-43.6889,1.22561,1,2.11476,0.891217
20140131,10.096,27.914,177.072,0.171,58.99777125,58.22344008,388.362,-0.909999,-23.5532,0.768998,1,2.19445,1.42546
20140201,10.506,30.151,179.302,0.494,64.3132675,61.90405419,390.672,-0.793025,-22.1741,0.878162,1,2.24601,1.36785
20140202,9.527,40.631,181.575,0.455,86.69766033,84.11540198,392.936,0.163102,-8.07283,0.200347,1,2.18827,1.98792
20140203,10.357,44.728,183.891,0.731,94.39102485,83.24381544,400.333,0.865218,-8.48292,0.22494,1,2.27351,2.04857
20140204,10.666,46.28,186.25,1.227,97.74122802,94.72881235,395.78,2.99716,-14.8685,-0.179274,1,2.3177,2.49698
20140205,9.157,54.243,188.649,0.665,112.461203,107.4075801,376.472,-0.949998,-32.9875,-0.744391,1,2.21511,2.9595
20140206,9.585,137.235,191.088,2.07,285.1475143,60.2743489,391.772,14.1097,3.21745,-2.23271,1,2.27728,4.50999
20140207,10.363,40.924,193.566,1.504,86.28150883,81.39387135,393.647,2.56348,-27.5647,1.27114,1,2.44768,1.17653
20140208,12.185,94.322,196.083,3.251,197.565025,110.7703892,388.801,12.7263,-11.6145,-1.50392,1,2.72427,4.22819
20140209,12.315,117.67,198.636,3.44,240.0212134,91.34147406,383.407,14.5899,-6.27163,-2.17566,1,2.80529,4.98095
20140210,9.937,9.641,201.226,0.89,22.90879179,22.91986258,376.427,-0.984812,-44.3369,1.8801,1,2.6314,0.751305
20140211,11.191,138.888,203.851,1.386,285.4681719,101.0001181,401.898,14.3032,8.86484,-2.16603,1,2.7959,4.96193
20140212,9.855,132.092,206.509,1.617,269.3310387,86.62314577,402.568,15.852,7.35166,-1.8783,1,2.71365,4.59195
20140213,10.418,64.662,209.201,2.165,135.7968073,105.9348824,400.688,9.85248,-13.3818,-0.387774,1,2.81472,3.20061
20140214,12.586,140.519,211.924,3.313,290.7846236,84.82614117,389.803,22.0325,7.81085,-2.71989,1,3.07087,5.78104
20140215,12.623,94.421,214.678,2.402,195.9901134,149.0545941,391.406,15.1654,1.2512,-1.56467,1,3.09282,4.65564
20140216,14.354,112.296,217.462,1.89,229.9476888,116.9215124,385.721,16.9676,6.85638,-1.76929,1,3.28197,5.04915
20140217,12.766,95.866,220.273,2.267,196.8537367,126.6253701,379.357,13.6293,-5.19279,-1.26335,1,3.15177,4.41198
20140218,13.267,90.628,223.113,4.483,184.6520331,144.4594698,394.59,24.5097,-25.26,-1.55071,1,3.26227,4.80771
20140219,14.125,33.626,225.978,3.272,69.31032127,65.61384702,380.371,5.77977,-21.9818,1.19517,1,3.41063,2.21178
20140220,11.528,67.856,228.868,1.168,142.5988063,121.6494995,376.957,6.20214,-8.50304,-0.727122,1,3.19303,3.93053
20140221,11.004,97.483,231.782,1.402,203.9444793,117.8051014,384.747,10.6549,10.5941,-0.634893,1,3.19219,3.86833
20140222,12.17,158.726,234.719,3.157,321.3299809,73.25577752,379.226,21.6066,-10.0232,-1.78946,1,3.37761,5.16759
20140223,9.725,160.805,237.678,3.343,326.5970752,83.13415271,387.954,26.8633,17.8824,-1.04009,1,3.15907,4.2233
20140224,8.781,175.405,240.657,3.614,355.6242179,77.93216031,397.308,29.3404,16.9039,-2.71568,1,3.10427,5.85147
20140225,8.756,152.688,243.655,2.279,307.8084937,130.6302882,395.309,14.9054,21.9065,-2.616,1,3.15357,5.77817
20140226,9.126,35.331,246.671,0.837,75.62499427,72.73710398,367.493,1.03791,-21.9201,0.645396,1,3.21823,2.58788
20140227,9.118,118.146,249.705,1.742,245.9328489,106.8697508,373.721,15.6671,-5.41835,-0.489067,1,3.14882,3.78857
20140228,8.043,87.649,252.753,0.781,180.7321334,125.4349945,355.876,6.61009,-18.6081,0.115898,1,2.95352,2.8451
20140301,7.253,34.513,255.817,0.269,75.2658804,73.67532363,346.709,-0.116478,-52.1975,0.167018,1,2.77414,2.62828
20140302,8.543,151.235,258.894,2.084,311.4605375,158.7618291,378.768,20.9906,1.94963,-3.56907,1,2.79711,6.39357
20140303,7.18,60.693,261.984,0.753,127.6597305,113.8003789,376.114,1.57167,-14.1144,-0.0747873,1,2.5451,2.63703
20140304,8.896,75.023,265.083,2.202,156.7677675,118.9750603,371.122,15.9736,-42.9855,-1.0559,1,2.67951,3.75218
20140305,11.031,115.758,268.195,4.022,233.5308651,150.0109462,387.137,25.4509,-9.64129,-1.74383,1,2.89133,4.6544
20140306,12.594,155.459,271.313,7.169,308.7295803,155.5876325,394.944,52.1692,-14.6689,-2.73045,1,3.04626,5.78933
20140307,12.5,194.501,274.441,5.062,398.8522148,99.65982463,393.034,42.0425,16.7656,-3.42343,1,3.03766,6.4611
20140308,12.429,186.439,277.575,7.101,371.329319,135.4369804,397.958,52.983,8.10439,-2.88693,1,3.03052,5.91746
20140309,12.903,202.573,280.715,7.403,408.4582962,99.19404913,392.086,51.9408,17.4402,-3.10616,1,3.07801,6.18416
20140310,11.878,162.376,283.858,6.833,326.2953742,162.3828245,395.299,42.6448,4.0772,-3.53101,1,2.97952,6.51053
20140311,11.583,141.945,287.006,6.71,282.0597094,194.9295346,393.911,41.5317,-13.752,-2.17242,1,3.02057,5.193
20140312,10.889,204.384,290.155,5.513,405.241243,117.9426657,393.721,53.0674,22.226,-3.03306,1,3.04999,6.08077
20140313,10.298,208.797,293.306,3.331,423.4913433,107.2729379,397.876,31.0666,37.6507,-3.56943,0.958333,3.26273,6.82049
20140314,11.077,209.831,296.457,3.285,421.1490549,130.5263015,391.478,37.8789,38.644,-3.37753,0.958333,3.77975,7.1465
20140315,11.133,179.228,299.608,1.357,357.3274435,186.7551579,390.144,16.0577,48.2966,-2.81878,1,4.2125,7.01133
20140316,11.675,176.291,302.756,1.417,354.290182,216.1177772,383.999,20.1424,49.973,-3.43485,0.958333,4.39173,7.81728
20140317,12.993,201.789,305.902,1.736,410.7154738,161.5907582,403.48,25.1382,65.9042,-3.50721,0.979167,4.44716,7.94553
20140318,12.755,206.813,309.043,1.899,432.5303695,148.9905548,417.223,32.9166,58.5435,-2.76924,1,4.27406,6.95907
20140319,13.005,117.877,312.18,1.877,244.2575074,218.915322,411.717,19.9839,23.8122,-2.04684,0.958333,4.16961,6.20927
20140320,12.428,198.829,315.311,1.603,410.915272,183.7154468,418.417,24.897,50.7329,-3.45449,1,3.95313,7.3557
20140321,12.95,174.594,318.435,1.765,362.3756513,225.5288356,414.161,23.8376,52.3001,-3.29884,0.979167,3.88299,7.16535
20140322,13.178,91.921,321.552,0.876,192.2273398,181.6650662,401.698,12.3433,0.695251,-0.465078,1,3.77238,4.23611
20140323,12.005,142.733,324.659,2.79,297.5661639,190.6256147,397.558,28.7732,5.16361,-2.37094,0.979167,3.49805,5.82786
20140324,9.768,180.69,327.758,3.956,377.7863957,159.0017134,406.111,51.7105,25.7133,-2.84346,0.979167,3.17483,6.008
20140325,8.08,96.741,330.845,1.788,201.2230681,181.323673,406.439,18.0703,-4.88996,-1.40885,1,3.06821,4.47706
20140326,9.742,76.632,333.922,3.195,162.4511752,151.9903785,404.308,27.2462,-42.0355,-1.20941,1,3.64999,4.85941
20140327,12.682,118.69,336.986,6.242,248.9378679,204.7324767,406.704,47.4591,-14.4172,-1.80738,1,4.47145,6.28065
20140328,12.535,232.069,340.037,4.347,480.002306,162.5472049,410.372,53.1905,52.2086,-3.39492,1,4.73805,8.13585
20140329,13.174,234.449,343.074,4.811,479.1003028,166.9458288,416.423,65.3297,46.7268,-4.04696,1,4.83797,8.88516
20140330,13.339,222.424,346.096,3.897,458.7866306,181.3784483,418.565,44.8349,50.8469,-3.242,1,4.86186,8.11292
20140331,12.451,234.057,349.103,2.574,480.3350781,162.5556881,416.543,39.4352,58.719,-3.19394,1,4.72253,7.91771
20140401,12.881,184.257,352.093,1.705,384.2124511,243.1058583,400.924,27.0455,36.1669,-2.78048,1,4.78617,7.56308
20140402,12.87,161.574,355.066,2.032,335.6619046,234.5318681,409.007,20.9968,30.2565,-3.12342,1,4.77641,7.91097
20140403,14.737,130.47,358.022,5.89,271.7469991,247.205998,407.627,44.948,-13.9433,-1.91917,1,4.9311,6.85027
20140404,13.525,67.592,360.958,2.533,147.4443309,142.965267,399.666,8.29307,-20.5854,1.34895,1,4.58446,3.23551
20140405,13.435,57.403,363.875,1.831,124.0218368,105.6240014,402.235,5.07211,-10.6155,2.25972,1,4.472,2.21228
20140406,14.583,216.885,366.772,3.456,447.4494094,292.6757748,409.916,44.5218,40.8249,-2.47992,1,4.84815,7.31909
20140407,14.967,251.216,369.648,3.188,526.2912085,147.8552263,411.028,43.148,66.3235,-2.84992,1,5.15507,7.99678
20140408,14.424,202.182,372.503,1.593,423.1395011,246.2328212,384.652,22.4621,59.4336,-2.46842,1,5.31528,7.77529
20140409,15.037,223.249,375.334,2.03,467.2247207,189.8070298,395.756,31.0164,71.4365,-2.08381,1,5.66589,7.74438
20140410,14.027,261.873,378.144,3.197,545.1651231,153.0167247,404.752,53.1903,73.4734,-2.97077,1,5.73905,8.70981
20140411,14.791,265.619,380.929,3.147,560.740595,136.7975245,398.685,39.9883,86.792,-2.71648,1,5.82402,8.54115
20140412,14.242,244.201,383.691,2.82,513.0600645,187.5892541,404.202,37.0804,67.5876,-2.61845,0.958333,5.34889,7.96715
20140413,14.558,153.664,386.427,1.757,323.5835728,265.313509,401.894,17.8848,34.1846,-1.94774,1,5.02573,6.93839
20140414,14.319,264.965,389.138,2.361,548.4129785,197.8327842,403.65,33.6564,78.2678,-2.45558,0.979167,4.60949,7.06507
20140415,14.414,202.499,391.823,5.752,418.9006214,171.0726523,405.924,45.1726,18.7858,-2.47045,0.979167,4.31502,6.77028
20140416,12.899,276.955,394.482,8.19,568.6044842,145.2479748,401.788,79.8215,47.4345,-4.10801,0.979167,3.9753,8.08331
20140417,11.981,293.617,397.112,5.511,601.1220274,117.9872888,410.961,59.9358,73.8313,-4.40589,1,3.74548,8.15137
20140418,12.185,197.273,399.715,2.384,405.2808191,245.8386278,405.486,20.2641,42.7345,-2.15984,1,3.73153,5.89138
20140419,11.931,77.206,402.29,1.695,164.805161,148.8114646,388.043,6.04185,-29.2055,0.64513,0.979167,3.69573,2.9952
20140420,13.209,250.868,404.835,3.379,527.3334476,199.4780065,394.051,47.8318,55.082,-2.44316,0.979167,4.096,6.53915
20140421,13.373,65.756,407.351,1.503,144.7747237,136.6479772,395.377,6.17897,-8.78421,0.559944,1,4.41326,3.85332
20140422,14.876,216.295,409.836,2.085,461.7646706,247.9407001,403.401,31.3205,60.2962,-3.38846,0.854167,4.93678,8.33855
20140423,15.792,287.08,412.291,2.65,609.0099663,157.1276894,391.862,52.4145,83.1203,-3.30735,0.833333,5.39395,8.76495
20140424,16.162,192.25,414.715,1.875,395.0242982,304.7614202,388.585,29.6547,54.4358,-2.71244,0.9375,5.77414,8.48659
20140425,15.339,217.327,417.108,1.831,455.2770746,247.0430496,395.413,32.2106,69.3523,-2.87873,0.979167,5.9558,8.87299
20140426,16.111,286.906,419.467,1.886,596.5808517,261.8260884,385.815,53.9424,72.205,-4.22413,0.979167,6.41552,10.6397
20140427,13.956,85.011,421.795,1.553,188.4778563,179.4729225,386.613,-0.530703,-10.0771,2.33822,1,6.30994,4.00001
20140428,13.466,79.74,424.089,1.138,176.955336,172.8663601,388.535,2.73717,-19.8708,2.40885,1,6.23175,4.02859
20140429,14.308,251.973,426.349,2.757,531.8117581,258.8221227,392.082,50.8145,61.4941,-2.8432,1,6.05208,9.10235
20140430,14.378,204.759,428.576,2.476,432.8038446,232.3546298,394.493,32.1697,42.6175,-2.59215,1,5.69204,8.33466
20140501,14.211,297.446,430.768,2.763,628.8090057,186.3132559,393.324,47.2119,76.0163,-3.29249,0.979167,5.27728,8.54317
20140502,13.148,63.39,432.925,0.906,138.4615292,123.6219348,380.282,2.96131,-6.09113,2.24332,1,4.75088,2.56165
20140503,14.699,161.442,435.047,2.856,344.8410148,262.4643799,386.341,31.4573,10.2768,-1.64032,1,4.59253,6.23576
20140504,15.546,253.026,437.133,4.279,534.2382651,189.7781315,390.217,42.1611,54.3813,-1.49924,1,4.31995,5.85645
20140505,14.859,318.656,439.182,5.076,660.7763673,129.4380264,400.777,67.5249,82.3397,-3.01384,0.979167,4.37023,7.38092
20140506,15.744,277.919,441.194,3.55,574.725469,214.0007131,390.669,41.283,77.8588,-2.6901,1,5.10816,7.70724
20140507,15.405,226,443.17,2.761,473.0878876,314.3067608,397.776,32.5639,59.5104,-3.04564,1,5.68032,8.56953
20140508,16.74,303.328,445.109,4.247,629.3120645,200.5762078,389.481,53.4572,75.1598,-2.99766,1,6.54696,9.51177
20140509,16.228,314.954,447.009,2.624,661.3600402,172.7282324,394.909,44.9353,97.2016,-3.25259,1,7.0766,10.2322
20140510,17.058,275.502,448.871,3.138,580.9763463,233.2978928,395.123,45.8756,82.2589,-2.05741,0.979167,7.77823,9.7717
20140511,18.041,211.403,450.694,3.725,445.1883178,327.0421422,390.893,36.633,40.8254,-0.508786,1,8.50749,9.01628
20140512,16.29,240.466,452.479,3.988,475.1202878,327.5387218,393.006,49.7184,65.8432,-2.70674,0.958333,8.5692,11.2615
20140513,16.309,273.936,454.224,5.827,529.2558759,190.2217298,396.244,57.4828,86.107,-2.3737,0.9375,8.49232,10.866
20140514,15.898,325.806,455.93,6.979,668.6766957,124.2824659,413.671,74.178,85.7402,-2.81375,1,8.08978,10.8889
20140515,16.193,339.41,457.595,7.748,691.7973986,125.5353992,411.331,80.7587,79.1791,-2.29465,1,7.86073,10.1368
20140516,16.237,264.405,459.22,5.75,544.7449205,289.8974241,417.792,66.4148,63.0863,-2.41691,1,7.57592,9.98928
20140517,16.229,253.111,460.804,4.671,524.0341806,266.8735767,414.44,64.9756,81.3816,-2.39808,1,7.13305,9.53112
20140518,15.61,324.928,462.347,5.715,675.115062,149.2739588,417.637,74.8548,91.7909,-4.01834,1,6.46966,10.4428
20140519,16.306,105.615,463.848,7.042,225.2335878,210.1757126,410.15,41.5747,-11.2851,0.0574556,1,6.1436,6.08614
20140520,17.768,306.201,465.308,6.236,651.2305377,155.8490009,411.957,75.3835,100.399,-1.92286,1,6.42222,8.34508
20140521,18.531,308.31,466.726,5.452,649.9979767,216.2830269,419.12,72.4784,97.4698,-2.57779,0.979167,6.66883,9.24662
20140522,19.483,206.466,468.102,6.446,426.1477623,306.1855684,414.748,45.3451,21.6828,-1.08041,0.979167,6.95417,8.03458
20140523,18.43,245.497,469.435,4.237,516.5549587,251.1295151,402.879,60.7654,99.3788,-1.68746,1,6.87915,8.56662
20140524,17.594,341.02,470.725,4.071,709.5704432,128.115992,402.593,72.5557,122.704,-3.69388,1,6.85945,10.5639
20140525,17.784,310.307,471.971,5.84,638.5795205,195.059554,406.752,66.0343,70.7769,-2.95485,0.916667,7.26151,10.1968
20140526,18.481,324.406,473.175,5.314,678.3574627,168.5371908,397.363,73.4621,106.002,-2.35009,0.9375,7.81908,10.204
20140527,17.387,240.537,474.334,5.25,520.5361605,256.9755279,390.961,44.4122,62.2816,-1.65681,0.9375,7.99923,9.68777
20140528,18.045,302.547,475.45,5.936,628.7958025,229.955027,387.137,63.0547,82.2086,-2.32201,0.958333,8.38826,10.7321
20140529,16.596,319.341,476.522,3.706,652.3037562,265.5027126,396.239,60.8888,114.288,-2.95727,0.895833,7.91828,10.9101
20140530,17.316,318.153,477.549,3.426,664.0914018,236.4290802,394.108,61.1674,114.014,-1.91279,0.958333,7.92914,9.85383
20140531,17.464,156.989,478.531,3.081,342.328619,230.6242543,391.402,28.6804,25.2181,1.29294,0.979167,7.70267,6.53362
20140601,17.704,343.339,479.469,7.485,716.1982094,151.5537058,398.83,78.8818,105.224,-1.70522,0.916667,7.08924,8.82507
20140602,18.204,346.636,480.362,5.922,721.7269322,158.502081,397.087,80.198,114.451,-2.60336,0.958333,6.48248,9.11628
20140603,18.916,331.544,481.209,5.047,695.1142571,179.3607784,394.078,67.9397,107.533,-1.12766,1,5.92133,7.10781
20140604,18.775,286.689,482.011,4.003,601.1595365,298.2754463,386.996,51.0014,92.5677,-1.49281,0.979167,5.47908,7.02541
20140605,20.073,336.788,482.768,6.391,704.7555795,180.470927,389.64,74.3793,132.616,-1.86626,1,5.30819,7.2466
20140606,19.734,317.257,483.479,6.42,665.2831526,221.6843175,401.565,67.98,105.791,-2.26955,0.979167,4.90067,7.25411
20140607,21.142,334.758,484.143,6.405,705.9859922,171.3485286,397.597,84.9234,115.375,-1.87332,0.979167,4.70807,6.62335
20140608,22.571,339.233,484.762,7.773,715.3863187,160.2899636,401.724,87.0976,94.82,-1.83549,0.958333,4.48686,6.32234
20140609,24.891,331.762,485.334,11.158,708.4728686,171.6086889,413.747,81.284,66.8918,-0.388997,1,4.39013,4.77913
20140610,24.195,333.718,485.86,10.183,703.4833939,181.4845128,414.411,87.8455,86.9569,-0.63376,0.958333,4.84512,5.47888
20140611,23.705,324.077,486.34,5.48,687.4494274,200.5628735,399.334,79.9712,106.106,-1.74892,0.979167,5.56039,7.30931
20140612,23.941,316.697,486.774,3.74,667.8340431,251.3686338,386.666,64.9262,96.8886,-2.03249,0.791667,6.36326,8.39575
20140613,24.095,327.294,487.16,4.589,694.7391795,257.6231451,397.355,73.663,110.703,-1.7348,0.895833,7.15974,8.90431
20140614,23.736,312.922,487.499,8.018,665.13314,258.7655811,394.401,94.0781,87.4803,-0.945261,0.979167,7.86451,8.75983
20140615,19.29,70.712,487.793,6.185,158.4291737,154.447525,382.301,40.4083,-79.3589,4.5001,1,7.67822,3.17812
20140616,18.735,158.206,488.039,6.092,342.4995907,295.1533429,380.163,53.8423,-26.099,-0.662819,1,7.87384,8.53666
20140617,20.062,266.781,488.239,7.986,569.5899298,254.8436021,390.964,85.2282,49.9199,-1.46546,0.979167,8.1137,9.57916
20140618,20.667,338.498,488.391,9.571,712.4029868,203.3190257,388.722,90.7696,81.3281,-2.10953,1,8.1514,10.2609
20140619,20.646,322.579,488.496,7.186,678.189732,260.0073281,391.03,73.7495,78.4173,-2.70139,1,8.05739,10.7745
20140620,21.126,281.285,488.555,5.013,600.472332,250.6588429,378.548,62.5078,72.4111,-0.6552,1,8.08396,8.7579
20140621,21.412,334.853,488.567,6.228,716.261728,189.6757287,385.965,83.8061,102.234,-1.58609,1,8.17357,9.78316
20140622,21.55,326.188,488.533,3.953,695.1355062,224.5360596,389.317,56.782,111.816,-2.77902,1,8.25857,11.1024
20140623,22.309,246.18,488.451,6.853,526.0597117,327.5709046,387.979,60.4571,45.5355,-1.75694,1,8.46742,10.2978
20140624,22.691,323.812,488.323,7.931,689.0856326,219.5999474,386.642,88.6117,87.427,-1.56857,1,8.60207,10.2962
20140625,22.184,255.163,488.147,3.478,548.2813898,281.1744761,379.219,47.4284,73.1112,-0.679821,1,8.5591,9.36857
20140626,21.077,178.73,487.926,4.293,397.9038599,266.1333078,379.326,31.8165,23.0871,1.0558,1,8.47089,7.65411
20140627,21.274,323.332,487.658,4.313,694.5204329,212.2895527,387.316,65.6546,108.603,-1.41224,1,9.2371,10.6962
20140628,22.445,334.421,487.343,6.435,715.7332432,176.786945,382.756,64.6136,116.811,-2.38269,1,10.3148,12.7489
20140629,22.254,253.81,486.982,6.226,538.3056736,266.7182413,382.696,53.057,52.1601,-0.152924,1,10.4397,10.6101
20140630,21.909,346.46,486.574,6.298,737.3469901,127.1693213,378.931,69.6278,112.095,-3.21181,1,10.3038,13.5341
20140701,21.219,338,486.122,5.604,722.0242943,181.8360442,378.219,66.252,114.949,-2.98654,1,10.0794,13.0728
20140702,21.447,330.923,485.623,6.213,709.0814415,187.2395583,389.479,70.0548,122.82,-3.3462,1,10.0814,13.4253
20140703,22.522,329.91,485.078,6.696,707.6138284,172.5353026,381.968,75.0683,111.924,-2.6921,1,10.2901,12.8828
20140704,24.193,191.383,484.487,9.251,411.1188075,274.8380263,384.176,52.0465,13.516,-0.576456,0.979167,10.2352,10.7863
20140705,22.664,288.813,483.852,4.756,611.7702804,293.7139422,371.746,55.5682,98.7518,-1.8295,1,9.15919,10.9458
20140706,22.165,303.117,483.171,4.792,656.7602421,172.2588763,374.256,60.4549,123.631,-3.50272,1,8.31634,11.7888
20140707,22.663,200.718,482.445,5.942,429.4424209,236.5461631,373.398,46.24,33.3664,0.0279789,1,7.93945,7.90776
20140708,20.625,262.187,481.674,4.278,557.1338078,254.8218707,356.809,46.0438,76.7266,-2.443,1,7.65772,9.98699
20140709,19.973,252.38,480.859,5.67,537.1828553,281.5301755,371.575,44.8154,65.9351,-1.71699,1,7.65105,9.37457
20140710,18.538,269.82,480,5.583,607.6727889,186.219621,369.159,49.2016,83.6371,-3.11497,0.9375,7.48991,10.3573
20140711,19.836,336.267,479.096,4.529,720.6258583,162.9767864,375.342,57.7736,130.229,-3.88736,0.979167,8.20039,12.0964
20140712,20.19,270.359,478.149,4.232,578.4590502,242.4330476,369.507,47.8699,89.736,-2.11355,0.9375,8.89702,11.056
20140713,20.792,312.119,477.158,4.265,673.2223862,208.2586205,367.926,51.5925,116.885,-2.69549,0.958333,9.67317,12.3642
20140714,19.896,123.177,476.124,3.294,278.739976,161.5443468,344.443,22.2299,7.6359,3.82499,1,10.0741,5.93091
20140715,21.418,333.737,475.047,4.241,722.7662071,116.9686765,365.735,57.9299,94.6931,-2.58331,0.9375,10.7673,13.3647
20140716,23.35,327.721,473.927,5.543,710.7552164,131.0704346,382.04,70.1514,65.4064,0.555255,0.958333,10.8681,10.3435
20140717,24.028,318.743,472.764,5.469,689.326094,146.3073737,402.168,71.8725,76.2723,1.38829,0.9375,10.6061,9.18196
20140718,23.741,314.844,471.56,3.688,680.2481249,156.6534463,386.295,66.019,97.7798,1.51386,0.979167,10.1095,8.58857
20140719,24.645,317.017,470.314,5.491,685.1419445,156.9240476,389.914,86.8931,68.7107,0.486104,0.979167,9.87201,9.3757
20140720,24.066,169.667,469.026,9.081,365.0734758,275.9271503,399.973,59.2492,-8.37355,2.09028,0.979167,9.78865,7.70563
20140721,20.666,162.52,467.698,3.077,357.5348367,204.128072,368.725,27.9379,10.5244,3.94783,0.958333,9.5482,5.59273
20140722,21.43,314.825,466.328,5.453,679.997934,131.024819,369.47,87.0065,48.0609,0.855716,1,10.268,9.41231
20140723,22.941,263.062,464.918,3.794,575.7620557,200.9985956,385.323,59.8244,60.6034,1.72251,0.979167,11.0427,9.27655
20140724,21.892,186.89,463.468,2.879,417.6467864,192.6271566,386.678,38.7745,26.0062,3.26461,1,11.0148,7.75019
20140725,22.786,271.218,461.978,4.353,584.4803172,264.6265307,386.217,62.5268,69.2461,-0.0353274,1,11.5016,11.5299
20140726,22.056,137.772,460.449,2.906,298.4940618,239.2909152,378.985,23.7383,-2.06504,3.66551,1,11.5493,7.86795
20140727,22.652,248.346,458.881,4.559,545.9550516,219.0594944,377.197,59.8217,42.9864,0.0669719,1,11.9323,11.8653
20140728,23.319,302.532,457.274,5.568,657.5299317,167.5884712,374.033,75.4624,75.906,1.0862,1,12.1301,11.0439
20140729,20.957,93.001,455.628,3.681,210.2034641,190.9085811,347.539,10.7862,-14.2128,5.98475,0.979167,11.441,5.40041
20140730,19.712,187.725,453.945,2.896,418.9011243,292.8055206,351.792,38.4413,20.3535,-0.829051,1,11.0638,11.7978
20140731,21.656,302.669,452.224,3.591,659.4366058,169.9898209,371.977,61.7537,79.2325,-1.17542,1,11.5858,12.7184
20140801,23.189,308.326,450.466,5.177,670.682912,152.727351,360.684,73.6882,79.4629,-0.343407,1,11.9841,12.3056
20140802,23.137,302.002,448.672,6.117,648.2082458,218.7065784,367.161,76.2872,67.7327,0.245292,0.979167,11.9283,11.646
20140803,22.751,196.678,446.841,4.148,430.9273003,279.4935452,369.611,42.3532,23.4601,1.94925,1,11.6646,9.70242
20140804,22.927,287.761,444.974,4.053,619.1692859,192.7574101,373.436,67.7071,75.2429,0.502327,1,11.2217,10.6372
20140805,22.404,248.22,443.072,4.047,534.0340091,231.7690012,370.024,53.1972,72.2303,-0.313663,1,10.5847,10.84
20140806,22.828,290.766,441.134,5.178,626.2791868,197.8956219,368.554,66.2586,73.0971,-1.71825,1,10.1775,11.8333
20140807,23.301,290.331,439.162,4.82,626.9531619,181.5770525,369.933,59.829,70.4492,-0.463013,1,9.79403,10.2235
20140808,23.327,293.871,437.155,5.256,642.6161695,145.9082781,387.066,68.1756,79.4957,-0.213558,0.979167,9.76623,9.8866
20140809,23.594,274.863,435.115,4.717,597.3389281,226.165367,418.919,72.8038,80.4026,-0.769982,1,10.0491,10.7776
20140810,24.165,280.061,433.041,6.489,606.4314989,187.5749724,406.642,72.7657,62.9834,-0.131549,1,10.4053,10.5058
20140811,23.915,257.665,430.935,4.762,553.7439253,254.2162729,406.067,59.9205,65.115,-0.78507,1,10.5713,11.3382
20140812,24.89,266.811,428.795,3.906,581.988772,206.181724,402.927,65.7426,90.5679,-0.936068,1,11.0364,11.9725
20140813,24.384,195.214,426.624,4.576,422.7494477,284.9389564,393.15,45.4842,23.1779,1.56293,1,11.1343,9.57133
20140814,22.765,243.939,424.421,8.815,520.5597541,219.905287,378.595,61.2619,32.8087,-0.555178,1,10.6856,11.2408
20140815,22.06,259.207,422.187,7.789,551.0918931,227.5763684,382.209,61.8266,48.4948,-1.02041,1,10.323,11.3434
20140816,21.139,278.743,419.922,7.374,602.139259,185.7893275,386.986,75.3832,75.0425,-2.07963,1,10.0262,12.1058
20140817,19.988,298.532,417.627,7.913,641.5520518,97.53743052,391.502,78.1086,82.4847,-2.48025,1,9.90399,12.3842
20140818,19.877,277.968,415.303,6.278,596.2500267,138.5710173,396.964,61.0062,84.7169,-1.74985,1,10.0464,11.7962
20140819,21.883,203.895,412.948,5.34,440.5099395,242.5253442,387.104,49.051,38.5066,-1.47697,1,10.7419,12.2189
20140820,22.718,240.181,410.565,5.359,518.3334731,206.9101833,387.196,55.8874,57.2571,-0.146279,1,11.1452,11.2915
20140821,22.279,273.04,408.155,7.704,584.533781,178.967194,378.358,68.0992,68.7335,-0.897403,1,11.4372,12.3346
20140822,19.848,220.209,405.715,5.078,473.0186511,228.7747294,390.62,44.9573,52.1458,-1.63943,1,11.2944,12.9774
20140823,20.464,115.628,403.249,3.517,261.3236698,172.8720946,388.37,21.3424,-5.02674,2.12331,1,11.4038,9.33264
20140824,22.17,214.802,400.757,7.774,468.5723751,222.7281475,373.599,49.514,49.6782,-0.833292,1,11.1481,12.0319
20140825,20.079,253.036,398.236,5.275,545.8567961,198.2723216,385.376,57.8556,73.8073,-2.53369,1,9.85207,12.4573
20140826,21.127,210.707,395.692,3.514,462.6684787,219.919078,382.111,37.5984,52.6775,-0.665822,1,9.37204,10.0697
20140827,22.779,212.823,393.121,3.957,458.4631416,245.3438058,375.212,44.8471,63.3249,-1.24295,0.979167,9.0048,10.3063
20140828,22.216,266.35,390.526,4.954,580.5393923,132.7471424,382.888,48.7511,59.4773,-2.69919,0.958333,8.11302,10.8755
20140829,22.632,262.823,387.907,6.008,574.7264658,120.4276617,385.066,42.9605,53.3258,-3.00899,1,7.44057,10.5279
20140830,22.088,253.022,385.264,3.627,551.1999316,147.4163994,380.899,50.2716,75.5721,-2.10742,1,6.66816,8.8533
20140831,22.227,250.303,382.599,4.278,543.5199077,192.4938025,378.372,43.151,60.5511,-2.41042,1,6.10187,8.58982
20140901,20.458,241.553,379.91,7.989,522.2079178,141.0292946,369.89,64.1111,30.61,-1.85211,0.958333,6.31048,8.19058
20140902,20.091,257.617,377.2,9.057,559.9075774,111.7608503,395.251,76.4239,41.6326,-2.05593,0.916667,7.06142,9.13378
20140903,19.453,204.71,374.468,6.609,449.776876,237.9452896,386.457,60.4045,35.7513,-2.81567,0.979167,7.74181,10.5748
20140904,21.193,154.186,371.716,5.096,340.4020013,203.6300678,386.821,28.1387,18.7161,-0.0771748,1,8.91621,8.99082
20140905,21.511,196.594,368.944,5.072,428.0287002,232.1825538,393.331,41.0929,45.4855,1.13955,0.979167,9.51871,8.40268
20140906,22.148,248.445,366.151,5.27,534.7521639,178.2709535,395.356,58.6857,52.7849,0.289262,1,9.98919,9.67911
20140907,21.679,232.888,363.34,3.522,505.8258163,177.0438273,380.997,47.1539,68.0283,-0.15922,1,10.1949,10.3495
20140908,21.785,230.671,360.511,3.82,499.8590499,173.5166204,379.48,41.9669,53.8448,0.454856,1,10.5409,10.0689
20140909,21.895,220.069,357.664,3.246,479.4776812,182.3642684,376.393,37.1076,55.4658,1.33618,1,10.8895,9.55566
20140910,19.098,64.705,354.8,0.503,144.7277095,129.7726508,352.976,1.47603,-7.43919,6.25354,1,10.4042,4.10023
20140911,20.137,202.178,351.92,3.297,448.765744,160.4779949,370.548,42.6892,28.7743,1.86129,1,10.1623,8.2815
20140912,18.7,209.477,349.024,4.842,456.6343864,111.7407389,405.937,60.5828,2.68066,0.828038,1,9.01124,8.15584
20140913,18.87,233.441,346.113,4.506,509.094542,122.3528767,408.659,50.9064,44.1802,-0.0545057,1,8.3217,8.35908
20140914,19.473,236.08,343.188,4.093,514.5302978,100.9372436,418.41,41.1391,40.8032,0.456439,1,7.79445,7.31756
20140915,19.719,155.729,340.249,3.754,338.2641315,250.8029926,416.777,37.2644,10.7591,0.807889,1,7.17813,6.32532
20140916,20.657,222.345,337.298,5.22,487.4961237,131.5776001,422.205,48.0734,42.8724,1.47661,1,6.79421,5.2857
20140917,20.365,165.988,334.333,5.912,362.5080666,209.562077,411.836,46.9649,13.681,0.464095,0.979167,7.0212,6.53119
20140918,21.455,164.446,331.358,5.579,354.5719407,192.36387,407.668,49.1677,7.31494,1.3026,1,7.64947,6.34101
20140919,21.15,79.356,328.372,3.189,174.3126756,140.045478,414.175,8.77602,-23.1294,4.35556,1,8.02411,3.66854
20140920,23.532,202.947,325.376,2.893,446.6879438,164.0710466,393.084,42.3972,32.5684,2.20853,1,8.94678,6.73825
20140921,22.015,154.136,322.37,2.638,336.2221206,222.3793174,387.919,18.6992,16.7079,1.33585,1,9.07501,7.73644
20140922,22.36,166.779,319.357,4.071,361.1195854,176.5871796,381.115,23.5529,14.7427,1.71101,1,9.50987,7.79886
20140923,19.053,213.754,316.336,9.689,447.2805686,130.0042469,386.187,69.9588,-1.15632,-0.931799,0.854167,8.60022,9.53313
20140924,16.432,148.224,313.308,6.569,313.4558127,247.2354456,392.853,42.1698,1.10933,-0.0275544,0.833333,7.78575,7.95029
20140925,18.659,187.192,310.274,4.925,406.5289739,141.1471456,384.567,33.4212,24.8504,-0.109481,1,8.0112,8.12068
20140926,18.242,207.89,307.235,6.942,444.0829881,116.8149595,387.845,61.6425,27.5184,-0.135432,1,7.45356,7.60336
20140927,18.563,204.455,304.192,4.926,440.3441472,105.0578905,390.021,44.0544,22.8062,-0.854726,1,7.02567,7.86955
20140928,19.806,204.519,301.146,6.665,444.6916329,86.80826021,389.026,54.1118,18.1773,0.255745,1,6.75338,6.49763
20140929,19.567,203.006,298.096,5.128,439.3883698,94.63873588,386.155,35.6323,35.4806,-0.717886,1,6.22419,6.94207
20140930,19.493,179.563,295.046,4.342,389.659554,160.5793855,387.225,36.9847,23.8298,-1.11841,1,6.24214,7.36055
20141001,19.245,52.982,291.993,0.99,120.4079945,93.86355592,365.018,-0.11922,-13.3374,3.83464,1,6.50506,2.67042
20141002,20.257,197.899,288.942,6.186,429.7537937,87.21528719,392.578,46.8964,4.6905,-0.335245,0.916667,6.98604,7.32128
20141003,19.193,192.121,285.891,7.205,413.6565798,95.78233744,388.536,47.455,13.1531,-1.43753,1,7.03944,8.47697
20141004,18.069,191.687,282.844,6.384,410.9527979,98.4699355,391.867,51.5173,6.82581,-1.22137,1,6.75119,7.97397
20141005,17.42,182.299,279.797,5.33,389.4702748,127.9223945,391.709,41.931,9.53802,-0.880329,1,6.51308,7.39477
20141006,17.368,182.966,276.757,5.843,390.7469891,133.2479616,394.883,50.0412,19.9744,-0.352184,1,6.38508,6.73727
20141007,17.351,100.55,273.719,3.751,214.2774094,193.4994765,392.574,15.2973,-14.3362,0.211983,1,6.26247,6.05967
20141008,21.279,127.372,270.689,4.985,274.897551,160.1090145,380.659,20.9018,-8.35105,-0.226106,1,6.81432,7.04348
20141009,21.458,65.556,267.664,4.424,141.9264589,126.6500858,381.042,7.41901,-22.6041,2.75603,1,6.92582,4.18389
20141010,22.324,89.174,264.649,4.894,191.9136815,157.4527206,379.871,16.2124,-20.2292,1.32927,1,7.29993,6.14546
20141011,21.301,111.021,261.641,3.525,240.9319374,168.2834698,371.071,15.5924,-10.2455,0.0519372,1,7.30681,7.29241
20141012,20.319,130.527,258.644,3.137,282.8327458,159.5592782,366.009,20.7778,-0.302336,0.884268,1,7.27464,6.41248
20141013,21.196,77.931,255.657,3.022,166.6188255,132.5301454,368.817,7.56593,-18.2059,3.29748,1,7.58176,4.35074
20141014,19.741,114.25,252.682,2.647,249.0859976,157.0870604,355.937,14.6626,-7.99338,2.058,1,7.09239,5.0789
20141015,20.287,100.805,249.721,2.563,220.0300741,144.5998333,373.24,10.1344,-3.58815,2.46482,1,6.72976,4.33699
20141016,20.847,62.396,246.773,3.463,135.8881033,80.97543081,362.958,6.21752,-24.6951,4.28512,1,6.35703,2.18792
20141017,22.094,114.75,243.84,2.397,250.4659818,161.5470517,344.011,13.3058,-14.5701,0.874116,1,6.06417,5.57598
20141018,20.875,147.221,240.923,1.948,321.0965158,129.2643048,341.649,14.4906,28.6321,1.38547,1,5.41328,4.19957
20141019,19.353,157.323,238.024,1.875,341.2893944,78.10389548,330.29,10.551,19.4161,0.813073,0.958333,4.97494,4.29089
20141020,18.679,117.712,235.142,1.854,257.3984466,164.7057088,323.218,6.35407,11.4949,1.20901,1,4.82204,3.75638
20141021,20.876,71.954,232.281,2.304,155.481043,133.883768,319.516,3.79125,-30.4533,2.9847,1,5.03531,2.33826
20141022,17.457,165.175,229.439,11.591,337.5206111,63.62371217,366.633,48.7109,-7.72278,-1.33246,0.979167,4.53935,5.98717
20141023,17.677,156.558,226.619,12.136,333.2325182,60.97139179,374.189,52.0427,-1.14997,-1.89318,1,4.50222,6.42569
20141024,15.723,145.981,223.821,7.257,315.1518612,67.9587906,379.634,37.9758,1.70702,-1.04269,0.979167,4.17848,5.22117
20141025,14.228,146.335,221.047,5.445,312.4827153,74.75696719,370.331,25.078,-11.7587,-1.32472,1,3.77396,5.09868
20141026,13.619,137.581,218.298,5.371,295.0658682,89.00464581,368.833,26.8797,2.973,-2.2249,1,3.43705,5.66196
20141027,13.017,142.629,215.573,5.632,299.6017118,83.89742542,369.833,31.7525,-12.6504,-2.57968,1,2.96881,5.54849
20141028,11.98,138.993,212.877,5.089,293.1822636,92.0495919,366.229,28.74,-3.88835,-2.81678,1,2.58368,5.40046
20141029,12.061,136,210.207,4.139,288.4771982,87.9893359,360.517,21.2195,2.62805,-2.61028,1,2.6147,5.22498
20141030,12.645,136.612,207.567,3.377,289.723665,78.57869108,356.218,16.6765,2.49683,-2.17248,1,2.70382,4.87631
20141031,12.385,136.802,204.957,3.512,291.7926225,68.60728898,362.643,24.3559,3.34698,-2.71747,1,2.71964,5.43711
20141101,13.431,133.632,202.376,3.584,287.2020464,73.81364758,364.423,25.6107,1.18177,-2.57098,0.958333,2.85224,5.42322
20141102,13.186,123.394,199.829,2.098,258.1011708,112.6866194,363.238,21.738,2.90471,-2.17446,0.875,2.86981,5.04427
20141103,14.348,110.006,197.314,2.841,235.7512014,98.54338115,362.006,20.2517,-10.2582,-1.64081,0.583333,3.01729,4.65809
20141104,17.849,82.261,194.833,4.856,177.548551,111.9598262,361.113,21.7878,-37.2985,-0.118484,0.333333,3.38442,3.5029
20141105,17.828,25.038,192.388,2.477,55.40959213,53.87655423,356.918,5.05721,-40.1915,6.29,0.125,3.42674,-2.68103
20141106,13.464,10.545,189.978,0.061,24.08650298,23.91092344,356.256,1.99187,-21.35,5.16857,0,3.05588,-2.11269
20141107,15.367,60.949,187.605,1.414,133.364961,116.7683795,373.964,8.62629,-6.84092,2.14832,0,3.281,1.13268
20141108,15.266,99.226,185.27,1.952,213.5918635,131.0957817,370.01,22.9761,-5.8873,-1.58758,0,3.31305,4.90063
20141109,15.279,111.952,182.974,2.359,241.0576304,87.2797309,365.126,19.5435,-4.63569,-1.61525,0,3.35643,4.97168
20141110,15.166,26.372,180.717,0.741,56.85649733,51.27456277,377.443,3.0505,-44.3341,2.0658,0,3.38763,1.32183
20141111,14.902,43.259,178.501,0.693,91.78229702,83.30798719,373.151,3.70315,-46.6684,0.973004,0,3.40296,2.42995
20141112,14.317,33.561,176.327,0.404,73.19069898,71.71318738,380.185,2.33845,-24.4751,1.57237,0,3.38397,1.8116
20141113,14.854,106.463,174.195,1.365,236.7728823,62.38191854,412.956,12.174,-0.0547517,-0.894528,0,3.48129,4.37582
20141114,15.315,79.676,172.107,1.301,172.5903494,95.9133631,430.454,8.10213,-3.07886,0.0421973,0,3.57132,3.52913
20141115,15.485,21.377,170.062,2.324,47.10045354,46.32926117,430.977,1.03638,-43.4717,2.55653,0,3.63266,1.07613
20141116,16.3,44.586,168.062,5.508,95.8168055,78.54339975,426.846,4.03243,-36.8337,1.03192,0,3.76241,2.73049
20141117,10.556,11.63,166.108,0.179,26.14753571,26.02837629,426.971,-0.505331,-22.6952,3.42164,0,3.17404,-0.247605
20141118,14.622,60.251,164.2,4.38,125.0548887,98.98332171,424.899,3.22256,-18.797,-0.0762996,0,3.66426,3.74056
20141119,12.932,102.352,162.34,3.272,220.2364684,60.01392294,426.983,9.49923,-2.55414,-1.38215,0,3.51393,4.89857
20141120,10.756,100.162,160.528,1.888,220.3308867,59.88918992,431.928,8.56308,1.89957,-0.187504,0.520833,3.30553,3.49303
20141121,10.03,7.236,158.764,0.472,16.17566677,16.32981519,435.85,-0.293145,-20.6227,3.42395,0.416667,3.25862,-0.165329
20141122,12.885,25.245,157.049,0.462,53.09758698,51.98269346,433.811,0.396299,-11.2352,2.53712,1,3.62769,1.09057
20141123,15.311,67.897,155.385,2.122,148.2822446,97.42577729,431.782,5.77444,-5.62755,-0.453924,0.895833,3.95141,4.40533
20141124,13.383,47.803,153.77,0.761,97.55826471,83.29140542,429.645,2.55795,-10.3268,0.67832,0.854167,3.76536,3.08704
20141125,14.155,22.555,152.208,0.399,47.8823151,47.20493471,428.171,0.756638,-13.2219,2.59026,1,3.898,1.30774
20141126,14.233,30.46,150.696,0.018,64.31631848,62.97810817,426.725,1.15623,-10.4885,1.86033,1,3.94815,2.08782
20141127,14.153,60.93,149.238,0.482,132.9102122,76.05950452,440.174,4.37458,-13.1012,1.01662,1,3.96355,2.94692
20141128,14.681,14.879,147.831,1.941,31.90198156,31.59595613,427.607,0.966744,-52.2117,2.78245,1,3.97011,1.18766
20141129,15.626,41.402,146.479,3.1,87.29349669,74.74000417,432.991,4.43688,-33.7225,1.00021,1,4.01368,3.01347
20141130,16.831,24.896,145.181,4.272,52.5212375,51.81238383,423.199,4.16775,-51.1749,2.03239,1,4.13788,2.10549
20141201,14.045,40.666,143.937,1.17,86.49170613,71.6702454,413.242,1.76105,-33.1386,1.27674,1,3.8112,2.53446
20141202,13.759,91.207,142.747,2.412,193.8843007,69.89629669,425.062,10.7997,-17.4179,-0.762313,1,3.74725,4.50957
20141203,13.366,64.484,141.613,3.051,133.4397681,83.8969461,426.012,4.27196,-16.2952,-0.455416,1,3.62816,4.08358
20141204,11.991,39.667,140.535,1.588,83.75259181,74.38317525,433.138,2.03998,-13.3029,0.993904,1,3.39814,2.40739
20141205,11.997,66.867,139.513,1.683,142.8876357,84.92526008,428.038,7.11286,-11.2906,-0.203949,1,3.33493,3.53887
20141206,12.18,50.485,138.546,1.348,106.2378352,83.70238665,419.629,4.33889,-40.5798,0.365371,1,3.36697,3.00159
20141207,10.697,77.639,137.638,1.128,162.2908211,86.59822,436.172,5.74992,-0.986565,-0.590497,1,3.23128,3.83227
20141208,9.718,86.097,136.785,2.572,181.513724,51.25450492,446.382,8.94475,-13.7085,-1.29012,1,3.15014,4.47719
20141209,9.159,73.823,135.991,4.339,147.9269686,86.57487054,433.125,22.1046,-43.4711,-1.16657,1,3.11455,4.31885
20141210,8.787,87.371,135.253,4.596,178.2237598,47.93760427,437.523,16.4683,-17.202,-0.721848,1,3.0993,3.92213
20141211,7.027,86.674,134.574,2.641,178.7681205,48.56308473,452.647,7.27756,-12.767,-0.294404,1,2.92342,3.22959
20141212,7.633,52.803,133.953,1.727,106.9022298,65.36051594,453.629,2.93102,-22.6543,0.523248,1,3.05491,2.53633
20141213,10.671,27.906,133.39,0.234,57.35254235,52.50539288,428.718,0.158932,-23.6752,1.30477,1,3.50906,2.20585
20141214,12.051,36.485,132.886,1.167,74.35995925,68.71364313,420.145,0.846788,-33.9829,1.04195,1,3.75017,2.70822
20141215,12.347,35.91,132.44,1.546,75.22949785,63.50506929,415.155,0.827458,-48.2924,0.902016,1,3.81129,2.90928
20141216,11.118,20.627,132.054,0.914,43.07677821,42.49267296,395.405,0.225226,-39.3298,2.02099,1,3.68036,1.66283
20141217,10.655,50.014,131.727,0.907,103.3282665,84.48972523,412.632,2.0874,-8.14077,0.380754,1,3.71944,3.3406
20141218,10.863,81.397,131.459,1.468,172.2335054,48.70362808,390.41,6.64484,-4.07452,0.640268,0.979167,3.96514,3.32487
20141219,10.926,61.291,131.25,0.909,125.4926176,75.96873748,400.753,2.45441,-5.33601,0.316652,1,4.19523,3.87857
20141220,12.532,72.399,131.1,1.053,151.4840733,68.36224242,380.993,3.49316,-3.17092,0.83338,1,4.65645,3.82307
20141221,10.609,80.896,131.01,1.302,172.1219406,52.98493667,373.594,5.18917,-5.44784,0.36174,1,4.58329,4.22155
20141222,8.36,47.974,130.98,1.111,98.4137661,74.79516229,384.923,2.88282,-16.1658,1.69538,1,4.4219,2.72652
20141223,13.427,11.396,131.009,3.625,24.24323115,24.13922506,375.597,2.51408,-39.6817,4.87001,1,5.31705,0.447042
20141224,13.789,20.293,131.098,4.594,41.45663813,40.78502621,372.003,4.57371,-44.0173,4.80192,1,5.37615,0.574226
20141225,13.092,15.146,131.247,3.298,31.76506177,31.33525129,368.961,3.89978,-37.3498,4.83685,1,5.25742,0.420569
20141226,8.673,86.809,131.455,3.784,170.4081295,53.85342604,367.257,23.6312,-23.9608,-0.591279,0.979167,4.42551,5.01679
20141227,5.01,7.391,131.723,1.452,14.89801702,14.84049704,369.374,1.21348,-48.6131,3.33436,0.9375,3.51071,0.176354
20141228,4.836,83.204,132.05,2.332,165.887976,53.41815235,375.279,12.8115,-25.789,-0.630536,0.979167,3.17058,3.80111
20141229,4.637,91.532,132.437,4.347,174.8347379,51.53582433,389.248,26.3281,-17.5266,-1.01137,0.979167,2.74667,3.75804
20141230,3.305,86.417,132.884,3.711,168.0030274,55.31328765,388.986,19.3729,-20.385,-0.537932,1,1.85511,2.39304
20141231,1.789,84.208,133.39,3.041,169.6917454,77.05886804,385.713,18.3281,-15.4673,-0.664773,1,1.2715,1.93627
